# Parked 2026-10-01: extra tracks fan out and cross each other when the drag runs
# along the side of a bundle and turns away. Screenshot: D:\My Documents\My Pictures\Screenshots\2026-10-01 21_12_24-Transport Fever 3.png
# Game log times are UTC (screenshot 21:12 local = 19:12 UTC). Judged plan at 19:12:10, held refusal at 19:12:13.
# All [ptracks] lines of the session (the log was restarted shortly before).
[2026-10-01 19:08:04Z - MESSAGE  - Main Thread      - Main           ]  [ptracks] menu patch installed
[2026-10-01 19:08:05Z - MESSAGE  - Main Thread      - Main           ]  [ptracks] mod option moreRoads = 1
[2026-10-01 19:11:51Z - MESSAGE  - Main Thread      - Main           ]  [ptracks] menu patch installed
[2026-10-01 19:11:51Z - MESSAGE  - Main Thread      - Main           ]  [ptracks] mod option moreRoads = 1
[2026-10-01 19:12:02Z - MESSAGE  - Main Thread      - Main           ]  [ptracks] params: trackBuilder, count = 1, side = 3, spacing = 5, reverse = false
[2026-10-01 19:12:04Z - MESSAGE  - Main Thread      - Main           ]  [ptracks] params: trackBuilder, count = 6, side = 3, spacing = 5, reverse = false
[2026-10-01 19:12:04Z - MESSAGE  - Main Thread      - Main           ]  [ptracks] menu spacing param = 5
[2026-10-01 19:12:04Z - MESSAGE  - Main Thread      - Main           ]  [ptracks] redraw param = nil, preview version = 0
[2026-10-01 19:12:05Z - MESSAGE  - Main Thread      - Main           ]  [ptracks] drag starts at existing node 943, dumping around it
[2026-10-01 19:12:05Z - MESSAGE  - Main Thread      - Main           ]  [ptracks] dump around (-175.5, -590.7), radius 30 m
[2026-10-01 19:12:05Z - MESSAGE  - Main Thread      - Main           ]  [ptracks] edge 658: nodes 942 -> 943
[2026-10-01 19:12:05Z - MESSAGE  - Main Thread      - Main           ]  [ptracks]   p (-160.82, -545.89, 5.00) -> (-175.53, -590.69, 5.00), t (-31.96, -37.17, 0.00) -> (3.69, -48.88, -0.00)
[2026-10-01 19:12:05Z - MESSAGE  - Main Thread      - Main           ]  [ptracks]   type 0/-1, roadType 0, distance 5, devLocked false
[2026-10-01 19:12:05Z - MESSAGE  - Main Thread      - Main           ]  [ptracks]   template ::/infrastructure/track/simple/simple.street_template, style ::/infrastructure/track/simple/simple.street
[2026-10-01 19:12:05Z - MESSAGE  - Main Thread      - Main           ]  [ptracks]   laneConfigs 1 [1: fwd w 4.00 off 0.00 h 0.53 v 27.78 modes {7,14}]
[2026-10-01 19:12:05Z - MESSAGE  - Main Thread      - Main           ]  [ptracks]   edgeDecorations 0 []
[2026-10-01 19:12:05Z - MESSAGE  - Main Thread      - Main           ]  [ptracks]   objects 0
[2026-10-01 19:12:05Z - MESSAGE  - Main Thread      - Main           ]  [ptracks]   street: <[string "imsvale_parallel_tracks::/gui/parallel_tracks/ptracks_dump.lua"]:92: attempt to index upvalue 'street' (a nil value)>
[2026-10-01 19:12:05Z - MESSAGE  - Main Thread      - Main           ]  [ptracks]   owner: 263
[2026-10-01 19:12:05Z - MESSAGE  - Main Thread      - Main           ]  [ptracks]   bbox: (-177.71, -590.84, 3.00) .. (-159.30, -544.59, 13.00)
[2026-10-01 19:12:05Z - MESSAGE  - Main Thread      - Main           ]  [ptracks]   transport network: 0 nodes, 1 edges, 1 turnaround edges
[2026-10-01 19:12:05Z - MESSAGE  - Main Thread      - Main           ]  [ptracks] edge 702: nodes 723 -> 712
[2026-10-01 19:12:05Z - MESSAGE  - Main Thread      - Main           ]  [ptracks]   p (-164.61, -542.63, 5.00) -> (-180.52, -591.06, 5.00), t (-34.55, -40.19, 0.00) -> (3.99, -52.85, -0.00)
[2026-10-01 19:12:05Z - MESSAGE  - Main Thread      - Main           ]  [ptracks]   type 0/-1, roadType 0, distance 0, devLocked false
[2026-10-01 19:12:05Z - MESSAGE  - Main Thread      - Main           ]  [ptracks]   template ::/infrastructure/track/simple/simple.street_template, style ::/infrastructure/track/simple/simple.street
[2026-10-01 19:12:05Z - MESSAGE  - Main Thread      - Main           ]  [ptracks]   laneConfigs 1 [1: fwd w 4.00 off 0.00 h 0.53 v 27.78 modes {7,14}]
[2026-10-01 19:12:05Z - MESSAGE  - Main Thread      - Main           ]  [ptracks]   edgeDecorations 0 []
[2026-10-01 19:12:05Z - MESSAGE  - Main Thread      - Main           ]  [ptracks]   objects 0
[2026-10-01 19:12:05Z - MESSAGE  - Main Thread      - Main           ]  [ptracks]   street: <[string "imsvale_parallel_tracks::/gui/parallel_tracks/ptracks_dump.lua"]:92: attempt to index upvalue 'street' (a nil value)>
[2026-10-01 19:12:05Z - MESSAGE  - Main Thread      - Main           ]  [ptracks]   owner: 263
[2026-10-01 19:12:05Z - MESSAGE  - Main Thread      - Main           ]  [ptracks]   bbox: (-182.70, -591.21, 3.00) .. (-163.09, -541.33, 13.00)
[2026-10-01 19:12:05Z - MESSAGE  - Main Thread      - Main           ]  [ptracks]   transport network: 0 nodes, 1 edges, 1 turnaround edges
[2026-10-01 19:12:05Z - MESSAGE  - Main Thread      - Main           ]  [ptracks] edge 713: nodes 282 -> 760
[2026-10-01 19:12:05Z - MESSAGE  - Main Thread      - Main           ]  [ptracks]   p (-168.40, -539.37, 5.00) -> (-185.51, -591.44, 5.00), t (-37.14, -43.20, 0.00) -> (4.29, -56.81, -0.00)
[2026-10-01 19:12:05Z - MESSAGE  - Main Thread      - Main           ]  [ptracks]   type 0/-1, roadType 0, distance 0, devLocked false
[2026-10-01 19:12:05Z - MESSAGE  - Main Thread      - Main           ]  [ptracks]   template ::/infrastructure/track/simple/simple.street_template, style ::/infrastructure/track/simple/simple.street
[2026-10-01 19:12:05Z - MESSAGE  - Main Thread      - Main           ]  [ptracks]   laneConfigs 1 [1: fwd w 4.00 off 0.00 h 0.53 v 27.78 modes {7,14}]
[2026-10-01 19:12:05Z - MESSAGE  - Main Thread      - Main           ]  [ptracks]   edgeDecorations 0 []
[2026-10-01 19:12:05Z - MESSAGE  - Main Thread      - Main           ]  [ptracks]   objects 0
[2026-10-01 19:12:05Z - MESSAGE  - Main Thread      - Main           ]  [ptracks]   street: <[string "imsvale_parallel_tracks::/gui/parallel_tracks/ptracks_dump.lua"]:92: attempt to index upvalue 'street' (a nil value)>
[2026-10-01 19:12:05Z - MESSAGE  - Main Thread      - Main           ]  [ptracks]   owner: 263
[2026-10-01 19:12:05Z - MESSAGE  - Main Thread      - Main           ]  [ptracks]   bbox: (-187.71, -591.59, 3.00) .. (-166.88, -538.07, 13.00)
[2026-10-01 19:12:05Z - MESSAGE  - Main Thread      - Main           ]  [ptracks]   transport network: 0 nodes, 1 edges, 1 turnaround edges
[2026-10-01 19:12:05Z - MESSAGE  - Main Thread      - Main           ]  [ptracks] edge 835: nodes 759 -> 6
[2026-10-01 19:12:05Z - MESSAGE  - Main Thread      - Main           ]  [ptracks]   p (-172.19, -536.11, 5.00) -> (-190.49, -591.82, 5.00), t (-39.74, -46.22, 0.00) -> (4.59, -60.78, -0.00)
[2026-10-01 19:12:05Z - MESSAGE  - Main Thread      - Main           ]  [ptracks]   type 0/-1, roadType 0, distance 0, devLocked false
[2026-10-01 19:12:05Z - MESSAGE  - Main Thread      - Main           ]  [ptracks]   template ::/infrastructure/track/simple/simple.street_template, style ::/infrastructure/track/simple/simple.street
[2026-10-01 19:12:05Z - MESSAGE  - Main Thread      - Main           ]  [ptracks]   laneConfigs 1 [1: fwd w 4.00 off 0.00 h 0.53 v 27.78 modes {7,14}]
[2026-10-01 19:12:05Z - MESSAGE  - Main Thread      - Main           ]  [ptracks]   edgeDecorations 0 []
[2026-10-01 19:12:05Z - MESSAGE  - Main Thread      - Main           ]  [ptracks]   objects 0
[2026-10-01 19:12:05Z - MESSAGE  - Main Thread      - Main           ]  [ptracks]   street: <[string "imsvale_parallel_tracks::/gui/parallel_tracks/ptracks_dump.lua"]:92: attempt to index upvalue 'street' (a nil value)>
[2026-10-01 19:12:05Z - MESSAGE  - Main Thread      - Main           ]  [ptracks]   owner: 263
[2026-10-01 19:12:05Z - MESSAGE  - Main Thread      - Main           ]  [ptracks]   bbox: (-192.71, -591.97, 3.00) .. (-170.68, -534.81, 13.00)
[2026-10-01 19:12:05Z - MESSAGE  - Main Thread      - Main           ]  [ptracks]   transport network: 0 nodes, 1 edges, 1 turnaround edges
[2026-10-01 19:12:05Z - MESSAGE  - Main Thread      - Main           ]  [ptracks] edge 850: nodes 998 -> 457
[2026-10-01 19:12:05Z - MESSAGE  - Main Thread      - Main           ]  [ptracks]   p (-179.78, -529.59, 5.00) -> (-200.46, -592.57, 5.00), t (-44.92, -52.25, 0.00) -> (5.18, -68.72, -0.00)
[2026-10-01 19:12:05Z - MESSAGE  - Main Thread      - Main           ]  [ptracks]   type 0/-1, roadType 0, distance 0, devLocked false
[2026-10-01 19:12:05Z - MESSAGE  - Main Thread      - Main           ]  [ptracks]   template ::/infrastructure/track/simple/simple.street_template, style ::/infrastructure/track/simple/simple.street
[2026-10-01 19:12:05Z - MESSAGE  - Main Thread      - Main           ]  [ptracks]   laneConfigs 1 [1: fwd w 4.00 off 0.00 h 0.53 v 27.78 modes {7,14}]
[2026-10-01 19:12:05Z - MESSAGE  - Main Thread      - Main           ]  [ptracks]   edgeDecorations 0 []
[2026-10-01 19:12:05Z - MESSAGE  - Main Thread      - Main           ]  [ptracks]   objects 0
[2026-10-01 19:12:05Z - MESSAGE  - Main Thread      - Main           ]  [ptracks]   street: <[string "imsvale_parallel_tracks::/gui/parallel_tracks/ptracks_dump.lua"]:92: attempt to index upvalue 'street' (a nil value)>
[2026-10-01 19:12:05Z - MESSAGE  - Main Thread      - Main           ]  [ptracks]   owner: 263
[2026-10-01 19:12:05Z - MESSAGE  - Main Thread      - Main           ]  [ptracks]   bbox: (-202.71, -592.72, 3.00) .. (-178.26, -528.29, 13.00)
[2026-10-01 19:12:05Z - MESSAGE  - Main Thread      - Main           ]  [ptracks]   transport network: 0 nodes, 1 edges, 1 turnaround edges
[2026-10-01 19:12:05Z - MESSAGE  - Main Thread      - Main           ]  [ptracks] edge 856: nodes 295 -> 804
[2026-10-01 19:12:05Z - MESSAGE  - Main Thread      - Main           ]  [ptracks]   p (-175.98, -532.85, 5.00) -> (-195.48, -592.19, 5.00), t (-42.33, -49.24, 0.00) -> (4.88, -64.75, -0.00)
[2026-10-01 19:12:05Z - MESSAGE  - Main Thread      - Main           ]  [ptracks]   type 0/-1, roadType 0, distance 0, devLocked false
[2026-10-01 19:12:05Z - MESSAGE  - Main Thread      - Main           ]  [ptracks]   template ::/infrastructure/track/simple/simple.street_template, style ::/infrastructure/track/simple/simple.street
[2026-10-01 19:12:05Z - MESSAGE  - Main Thread      - Main           ]  [ptracks]   laneConfigs 1 [1: fwd w 4.00 off 0.00 h 0.53 v 27.78 modes {7,14}]
[2026-10-01 19:12:05Z - MESSAGE  - Main Thread      - Main           ]  [ptracks]   edgeDecorations 0 []
[2026-10-01 19:12:05Z - MESSAGE  - Main Thread      - Main           ]  [ptracks]   objects 0
[2026-10-01 19:12:05Z - MESSAGE  - Main Thread      - Main           ]  [ptracks]   street: <[string "imsvale_parallel_tracks::/gui/parallel_tracks/ptracks_dump.lua"]:92: attempt to index upvalue 'street' (a nil value)>
[2026-10-01 19:12:05Z - MESSAGE  - Main Thread      - Main           ]  [ptracks]   owner: 263
[2026-10-01 19:12:05Z - MESSAGE  - Main Thread      - Main           ]  [ptracks]   bbox: (-197.71, -592.34, 3.00) .. (-174.47, -531.55, 13.00)
[2026-10-01 19:12:05Z - MESSAGE  - Main Thread      - Main           ]  [ptracks]   transport network: 0 nodes, 1 edges, 1 turnaround edges
[2026-10-01 19:12:05Z - MESSAGE  - Main Thread      - Main           ]  [ptracks] node 6: (-190.49, -591.82, 5.00), edges 835
[2026-10-01 19:12:05Z - MESSAGE  - Main Thread      - Main           ]  [ptracks]   config: <[string "imsvale_parallel_tracks::/gui/parallel_tracks/ptracks_dump.lua"]:121: attempt to index upvalue 'config' (a nil value)>
[2026-10-01 19:12:05Z - MESSAGE  - Main Thread      - Main           ]  [ptracks]   bbox: (-190.99, -592.32, 4.50) .. (-189.99, -591.32, 10.00)
[2026-10-01 19:12:05Z - MESSAGE  - Main Thread      - Main           ]  [ptracks] node 457: (-200.46, -592.57, 5.00), edges 850
[2026-10-01 19:12:05Z - MESSAGE  - Main Thread      - Main           ]  [ptracks]   config: <[string "imsvale_parallel_tracks::/gui/parallel_tracks/ptracks_dump.lua"]:121: attempt to index upvalue 'config' (a nil value)>
[2026-10-01 19:12:05Z - MESSAGE  - Main Thread      - Main           ]  [ptracks]   bbox: (-200.96, -593.07, 4.50) .. (-199.96, -592.07, 10.00)
[2026-10-01 19:12:05Z - MESSAGE  - Main Thread      - Main           ]  [ptracks] node 712: (-180.52, -591.06, 5.00), edges 702
[2026-10-01 19:12:05Z - MESSAGE  - Main Thread      - Main           ]  [ptracks]   config: <[string "imsvale_parallel_tracks::/gui/parallel_tracks/ptracks_dump.lua"]:121: attempt to index upvalue 'config' (a nil value)>
[2026-10-01 19:12:05Z - MESSAGE  - Main Thread      - Main           ]  [ptracks]   bbox: (-181.02, -591.56, 4.50) .. (-180.02, -590.56, 10.00)
[2026-10-01 19:12:05Z - MESSAGE  - Main Thread      - Main           ]  [ptracks] node 760: (-185.51, -591.44, 5.00), edges 713
[2026-10-01 19:12:05Z - MESSAGE  - Main Thread      - Main           ]  [ptracks]   config: <[string "imsvale_parallel_tracks::/gui/parallel_tracks/ptracks_dump.lua"]:121: attempt to index upvalue 'config' (a nil value)>
[2026-10-01 19:12:05Z - MESSAGE  - Main Thread      - Main           ]  [ptracks]   bbox: (-186.01, -591.94, 4.50) .. (-185.01, -590.94, 10.00)
[2026-10-01 19:12:05Z - MESSAGE  - Main Thread      - Main           ]  [ptracks] node 804: (-195.48, -592.19, 5.00), edges 856
[2026-10-01 19:12:05Z - MESSAGE  - Main Thread      - Main           ]  [ptracks]   config: <[string "imsvale_parallel_tracks::/gui/parallel_tracks/ptracks_dump.lua"]:121: attempt to index upvalue 'config' (a nil value)>
[2026-10-01 19:12:05Z - MESSAGE  - Main Thread      - Main           ]  [ptracks]   bbox: (-195.98, -592.69, 4.50) .. (-194.98, -591.69, 10.00)
[2026-10-01 19:12:05Z - MESSAGE  - Main Thread      - Main           ]  [ptracks] node 943: (-175.53, -590.69, 5.00), edges 658
[2026-10-01 19:12:05Z - MESSAGE  - Main Thread      - Main           ]  [ptracks]   config: <[string "imsvale_parallel_tracks::/gui/parallel_tracks/ptracks_dump.lua"]:121: attempt to index upvalue 'config' (a nil value)>
[2026-10-01 19:12:05Z - MESSAGE  - Main Thread      - Main           ]  [ptracks]   bbox: (-176.03, -591.19, 4.50) .. (-175.03, -590.19, 10.00)
[2026-10-01 19:12:05Z - MESSAGE  - Main Thread      - Main           ]  [ptracks] dump done: 6 edges, 6 nodes
[2026-10-01 19:12:05Z - MESSAGE  - Main Thread      - Main           ]  [ptracks] check: Parallel tracks would cross each other
[2026-10-01 19:12:05Z - MESSAGE  - Main Thread      - Main           ]  [ptracks] preview planned: 1 drawn, 5 edges, 0 anchored, 0 crossings, 0 too shallow, 0 moved, 0 dropped, 2 problems (a parallel track would curve at 0.0 m radius, the type needs 40 m)
[2026-10-01 19:12:05Z - MESSAGE  - Main Thread      - Main           ]  [ptracks] measure: not ok (Too Much Curvature), 0 crossings
[2026-10-01 19:12:05Z - MESSAGE  - Main Thread      - Main           ]  [ptracks] measure: ok, 0 crossings
[2026-10-01 19:12:05Z - MESSAGE  - Main Thread      - Main           ]  [ptracks] check: ok
[2026-10-01 19:12:05Z - MESSAGE  - Main Thread      - Main           ]  [ptracks] preview planned: 1 drawn, 5 edges, 0 anchored, 0 crossings, 0 too shallow, 0 moved, 0 dropped, 0 problems
[2026-10-01 19:12:05Z - MESSAGE  - Main Thread      - Main           ]  [ptracks]   preview plan: {{entity=-1,node0=712,node1=-100000,p0={x=-180.5202,y=-591.0642,z=5.0000},p1={x=-178.9196,y=-612.2817,z=5.0000},t0={x=1.6006,y=-21.2175,z=-0.0000},t1={x=1.6006,y=-21.2175,z=0.0000}},{entity=-2,node0=760,node1=-100001,p0={x=-185.5060,y=-591.4404,z=5.0000},p1={x=-183.9054,y=-612.6578,z=5.0000},t0={x=1.6006,y=-21.2175,z=-0.0000},t1={x=1.6006,y=-21.2175,z=0.0000}},{entity=-3,node0=6,node1=-100002,p0={x=-190.4919,y=-591.8165,z=5.0000},p1={x=-188.8912,y=-613.0340,z=5.0000},t0={x=1.6006,y=-21.2175,z=-0.0000},t1={x=1.6006,y=-21.2175,z=0.0000}},{entity=-4,node0=804,node1=-100003,p0={x=-195.4777,y=-592.1926,z=5.0000},p1={x=-193.8771,y=-613.4101,z=5.0000},t0={x=1.6006,y=-21.2175,z=-0.0000},t1={x=1.6006,y=-21.2175,z=0.0000}},{entity=-5,node0=457,node1=-100004,p0={x=-200.4635,y=-592.5687,z=5.0000},p1={x=-198.8629,y=-613.7862,z=5.0000},t0={x=1.6006,y=-21.2175,z=-0.0000},t1={x=1.6006,y=-21.2175,z=0.0000}}}
[2026-10-01 19:12:05Z - MESSAGE  - Main Thread      - Main           ]  [ptracks] preview verdict for the drag check: critical false, nil
[2026-10-01 19:12:05Z - MESSAGE  - Main Thread      - Main           ]  [ptracks] preview verdict: critical false
[2026-10-01 19:12:05Z - MESSAGE  - Main Thread      - Main           ]  [ptracks] measure: ok, 0 crossings
[2026-10-01 19:12:05Z - MESSAGE  - Main Thread      - Main           ]  [ptracks] measure: not ok (Too Much Curvature), 0 crossings
[2026-10-01 19:12:05Z - MESSAGE  - Main Thread      - Main           ]  [ptracks] check: Parallel tracks would curve tighter than 40 m
[2026-10-01 19:12:05Z - MESSAGE  - Main Thread      - Main           ]  [ptracks] preview planned: 1 drawn, 5 edges, 0 anchored, 0 crossings, 0 too shallow, 0 moved, 0 dropped, 1 problems (a parallel track would curve at 6.3 m radius, the type needs 40 m)
[2026-10-01 19:12:05Z - MESSAGE  - Main Thread      - Main           ]  [ptracks] preview planned: 1 drawn, 5 edges, 0 anchored, 0 crossings, 0 too shallow, 0 moved, 0 dropped, 1 problems (a parallel track would curve at 8.0 m radius, the type needs 40 m)
[2026-10-01 19:12:05Z - MESSAGE  - Main Thread      - Main           ]  [ptracks] preview planned: 1 drawn, 5 edges, 0 anchored, 0 crossings, 0 too shallow, 0 moved, 0 dropped, 1 problems (a parallel track would curve at 10.0 m radius, the type needs 40 m)
[2026-10-01 19:12:05Z - MESSAGE  - Main Thread      - Main           ]  [ptracks] check: Parallel tracks would leave a piece too short to build
[2026-10-01 19:12:05Z - MESSAGE  - Main Thread      - Main           ]  [ptracks] perf [tracks 6]: preview plan took 28 ms (2 drawn, 10 edges, 20 crossings; 28 ms: orient 0, offsets 2, crossings 3, merges 15, emit 5, check 3)
[2026-10-01 19:12:05Z - MESSAGE  - Main Thread      - Main           ]  [ptracks] preview planned: 2 drawn, 10 edges, 0 anchored, 20 crossings, 0 too shallow, 0 moved, 3 dropped, 6 problems (a parallel track would curve at 3.6 m radius, the type needs 40 m)
[2026-10-01 19:12:05Z - MESSAGE  - Main Thread      - Main           ]  [ptracks] measure: not ok (Too Much Curvature), 4 crossings: 40.6 deg, pieces 6.7/14.5 and 46.1/28.3 m | 55.3 deg, pieces 5.8/6.7 and 45.0/27.6 m | 64.6 deg, pieces 5.4/5.8 and 45.2/36.8 m | 70.8 deg, pieces 64.1/5.4 and 46.1/40.3 m
[2026-10-01 19:12:05Z - MESSAGE  - Main Thread      - Main           ]  [ptracks] measure: ok, 6 crossings: 35.8 deg, pieces 7.4/16.0 and 39.7/28.3 m | 48.6 deg, pieces 6.3/7.4 and 46.2/27.8 m | 57.0 deg, pieces 5.8/6.3 and 46.1/27.5 m | 63.1 deg, pieces 5.5/5.8 and 46.6/27.3 m | 67.6 deg, pieces 5.3/5.5 and 47.6/35.6 m | 71.0 deg, pieces 5.3/27.1 and 48.8/38.9 m
[2026-10-01 19:12:05Z - MESSAGE  - Main Thread      - Main           ]  [ptracks] check: Parallel tracks would curve tighter than 40 m
[2026-10-01 19:12:06Z - MESSAGE  - Main Thread      - Main           ]  [ptracks] check: Parallel tracks would leave a piece too short to build
[2026-10-01 19:12:06Z - MESSAGE  - Main Thread      - Main           ]  [ptracks] check: ok
[2026-10-01 19:12:06Z - MESSAGE  - Main Thread      - Main           ]  [ptracks] perf [tracks 6]: preview plan took 51 ms (7 drawn, 33 edges, 30 crossings; 51 ms: orient 0, offsets 2, crossings 19, merges 14, emit 13, check 3)
[2026-10-01 19:12:06Z - MESSAGE  - Main Thread      - Main           ]  [ptracks] preview planned: 7 drawn, 33 edges, 0 anchored, 30 crossings, 0 too shallow, 4 moved, 22 dropped, 0 problems
[2026-10-01 19:12:06Z - MESSAGE  - Main Thread      - Main           ]  [ptracks]   preview plan: {{entity=-1,node0=888,node1=-100058,p0={x=-184.7544,y=-720.7260,z=5.0000},p1={x=-178.1655,y=-682.1863,z=5.0000},t0={x=-3.0950,y=41.0281,z=0.0000},t1={x=15.5267,y=35.1834,z=0.0000}},{entity=-2,node0=-100058,node1=-100045,p0={x=-178.1655,y=-682.1863,z=5.0000},p1={x=-175.2594,y=-676.2696,z=5.0000},t0={x=2.6681,y=6.0459,z=0.0000},t1={x=3.1405,y=5.7832,z=0.0000}},{entity=-3,node0=-100045,node1=-100032,p0={x=-175.2594,y=-676.2696,z=5.0000},p1={x=-172.0631,y=-670.8916,z=5.0000},t0={x=2.9905,y=5.5069,z=0.0000},t1={x=3.3987,y=5.2453,z=0.0000}},{entity=-4,node0=-100032,node1=-100020,p0={x=-172.0631,y=-670.8916,z=5.0000},p1={x=-168.6240,y=-665.9910,z=5.0000},t0={x=3.2588,y=5.0294,z=0.0000},t1={x=3.6165,y=4.7684,z=0.0000}},{entity=-5,node0=-100020,node1=-100007,p0={x=-168.6240,y=-665.9910,z=5.0000},p1={x=-164.9758,y=-661.5206,z=5.0000},t0={x=3.4884,y=4.5995,z=0.0000},t1={x=3.8054,y=4.3383,z=0.0000}},{entity=-6,node0=-100007,node1=297,p0={x=-164.9758,y=-661.5206,z=5.0000},p1={x=-110.4597,y=-634.3075,z=5.0000},t0={x=40.2672,y=45.9062,z=0.0000},t1={x=65.7013,y=4.9564,z=0.0000}},{entity=-7,node0=-100063,node1=-100050,p0={x=-159.9394,y=-716.8745,z=5.0000},p1={x=-159.5666,y=-707.7876,z=5.0000},t0={x=-0.3737,y=9.2424,z=0.0000},t1={x=1.1010,y=8.9104,z=0.0000}},{entity=-8,node0=-100050,node1=-100037,p0={x=-159.5666,y=-707.7876,z=5.0000},p1={x=-158.0967,y=-700.2488,z=5.0000},t0={x=0.9515,y=7.7001,z=0.0000},t1={x=1.9766,y=7.3636,z=0.0000}},{entity=-9,node0=-100037,node1=-100024,p0={x=-158.0967,y=-700.2488,z=5.0000},p1={x=-155.9195,y=-693.7700,z=5.0000},t0={x=1.7831,y=6.6425,z=0.0000},t1={x=2.5626,y=6.3051,z=0.0000}},{entity=-10,node0=-100024,node1=-100012,p0={x=-155.9195,y=-693.7700,z=5.0000},p1={x=-153.2339,y=-688.1036,z=5.0000},t0={x=2.3701,y=5.8316,z=0.0000},t1={x=2.9943,y=5.4932,z=0.0000}},{entity=-11,node0=-100012,node1=288,p0={x=-153.2339,y=-688.1036,z=5.0000},p1={x=-146.5475,y=-678.4276,z=5.0000},t0={x=5.6557,y=10.3757,z=0.0000},t1={x=7.6710,y=8.9228,z=0.0000}},{entity=-12,node0=975,node1=-100064,p0={x=-153.7515,y=-799.3591,z=5.0000},p1={x=-159.5600,y=-722.3611,z=5.0000},t0={x=-5.8085,y=76.9980,z=0.0000},t1={x=-5.8085,y=76.9980,z=0.0000}},{entity=-13,node0=-100064,node1=-100063,p0={x=-159.5600,y=-722.3611,z=5.0000},p1={x=-159.9394,y=-716.8745,z=5.0000},t0={x=-0.4137,y=5.4844,z=0.0000},t1={x=-0.2213,y=5.4742,z=0.0000}},{entity=-14,node0=987,node1=-100059,p0={x=-179.7686,y=-720.3499,z=5.0000},p1={x=-175.3184,y=-688.4701,z=5.0000},t0={x=-2.5330,y=33.5779,z=0.0000},t1={x=10.9685,y=29.6410,z=0.0000}},{entity=-15,node0=-100059,node1=-100046,p0={x=-175.3184,y=-688.4701,z=5.0000},p1={x=-172.6812,y=-682.2233,z=5.0000},t0={x=2.3613,y=6.3810,z=0.0000},t1={x=2.9084,y=6.1072,z=0.0000}},{entity=-16,node0=-100046,node1=-100033,p0={x=-172.6812,y=-682.2233,z=5.0000},p1={x=-169.6960,y=-676.5816,z=5.0000},t0={x=2.7507,y=5.7759,z=0.0000},t1={x=3.2159,y=5.5028,z=0.0000}},{entity=-17,node0=-100033,node1=-100021,p0={x=-169.6960,y=-676.5816,z=5.0000},p1={x=-166.4265,y=-671.4683,z=5.0000},t0={x=3.0667,y=5.2476,z=0.0000},t1={x=3.4689,y=4.9750,z=0.0000}},{entity=-18,node0=-100021,node1=-100008,p0={x=-166.4265,y=-671.4683,z=5.0000},p1={x=-162.9191,y=-666.8273,z=5.0000},t0={x=3.3298,y=4.7756,z=0.0000},t1={x=3.6819,y=4.5029,z=0.0000}},{entity=-19,node0=-100008,node1=-100065,p0={x=-162.9191,y=-666.8273,z=5.0000},p1={x=-159.2867,y=-662.6991,z=5.0000},t0={x=3.4818,y=4.2581,z=0.0000},t1={x=3.7806,y=3.9957,z=0.0000}},{entity=-20,node0=-100065,node1=1002,p0={x=-159.2867,y=-662.6991,z=5.0000},p1={x=-110.0836,y=-639.2933,z=5.0000},t0={x=37.4020,y=39.5298,z=0.0000},t1={x=58.5408,y=4.4162,z=0.0000}},{entity=-21,node0=930,node1=-100062,p0={x=-169.7969,y=-719.5976,z=5.0000},p1={x=-168.7016,y=-701.6797,z=5.0000},t0={x=-1.3910,y=18.4391,z=0.0000},t1={x=3.4793,y=17.2779,z=0.0000}},{entity=-22,node0=-100062,node1=-100049,p0={x=-168.7016,y=-701.6797,z=5.0000},p1={x=-166.8186,y=-694.4827,z=5.0000},t0={x=1.4787,y=7.3432,z=0.0000},t1={x=2.2795,y=7.0416,z=0.0000}},{entity=-23,node0=-100049,node1=-100035,p0={x=-166.8186,y=-694.4827,z=5.0000},p1={x=-164.3939,y=-688.1398,z=5.0000},t0={x=2.1008,y=6.4897,z=0.0000},t1={x=2.7425,y=6.1888,z=0.0000}},{entity=-24,node0=-100035,node1=-100022,p0={x=-164.3939,y=-688.1398,z=5.0000},p1={x=-161.5559,y=-682.4889,z=5.0000},t0={x=2.5695,y=5.7983,z=0.0000},t1={x=3.1014,y=5.4977,z=0.0000}},{entity=-25,node0=-100022,node1=-100010,p0={x=-161.5559,y=-682.4889,z=5.0000},p1={x=-158.3888,y=-677.4264,z=5.0000},t0={x=2.9393,y=5.2104,z=0.0000},t1={x=3.3906,y=4.9096,z=0.0000}},{entity=-26,node0=-100010,node1=887,p0={x=-158.3888,y=-677.4264,z=5.0000},p1={x=-154.1305,y=-671.9085,z=5.0000},t0={x=3.9654,y=5.7419,z=0.0000},t1={x=4.5443,y=5.2859,z=0.0000}},{entity=-27,node0=981,node1=-100061,p0={x=-174.7827,y=-719.9737,z=5.0000},p1={x=-172.1899,y=-694.9369,z=5.0000},t0={x=-1.9670,y=26.0745,z=0.0000},t1={x=6.9030,y=23.7088,z=0.0000}},{entity=-28,node0=-100061,node1=-100047,p0={x=-172.1899,y=-694.9369,z=5.0000},p1={x=-169.8808,y=-688.2742,z=5.0000},t0={x=1.9807,y=6.8028,z=0.0000},t1={x=2.6316,y=6.5157,z=0.0000}},{entity=-29,node0=-100047,node1=-100034,p0={x=-169.8808,y=-688.2742,z=5.0000},p1={x=-167.1471,y=-682.3198,z=5.0000},t0={x=2.4615,y=6.0945,z=0.0000},t1={x=3.0010,y=5.8086,z=0.0000}},{entity=-30,node0=-100034,node1=-100016,p0={x=-167.1471,y=-682.3198,z=5.0000},p1={x=-164.0762,y=-676.9635,z=5.0000},t0={x=2.8399,y=5.4966,z=0.0000},t1={x=3.2978,y=5.2112,z=0.0000}},{entity=-31,node0=-100016,node1=-100009,p0={x=-164.0762,y=-676.9635,z=5.0000},p1={x=-160.7258,y=-672.1257,z=5.0000},t0={x=3.1506,y=4.9787,z=0.0000},t1={x=3.5467,y=4.6927,z=0.0000}},{entity=-32,node0=-100009,node1=-100066,p0={x=-160.7258,y=-672.1257,z=5.0000},p1={x=-157.2430,y=-667.8707,z=5.0000},t0={x=3.3172,y=4.3890,z=0.0000},t1={x=3.6459,y=4.1182,z=0.0000}},{entity=-33,node0=-100066,node1=605,p0={x=-157.2430,y=-667.8707,z=5.0000},p1={x=-109.7075,y=-644.2792,z=5.0000},t0={x=35.2388,y=39.8036,z=0.0000},t1={x=57.1976,y=4.3149,z=0.0000}},{entity=-34,node0=957,node1=-100060,p0={x=-164.8111,y=-719.2215,z=5.0000},p1={x=-164.7151,y=-708.8717,z=5.0000},t0={x=-0.7934,y=10.5173,z=0.0000},t1={x=0.9632,y=10.1564,z=0.0000}},{entity=-35,node0=-100060,node1=-100048,p0={x=-164.7151,y=-708.8717,z=5.0000},p1={x=-163.4230,y=-700.9340,z=5.0000},t0={x=0.7672,y=8.0899,z=0.0000},t1={x=1.8056,y=7.7725,z=0.0000}},{entity=-36,node0=-100048,node1=-100036,p0={x=-163.4230,y=-700.9340,z=5.0000},p1={x=-161.3983,y=-694.0901,z=5.0000},t0={x=1.6257,y=6.9979,z=0.0000},t1={x=2.4155,y=6.6802,z=0.0000}},{entity=-37,node0=-100036,node1=-100023,p0={x=-161.3983,y=-694.0901,z=5.0000},p1={x=-158.8487,y=-688.0781,z=5.0000},t0={x=2.2300,y=6.1671,z=0.0000},t1={x=2.8628,y=5.8494,z=0.0000}},{entity=-38,node0=-100023,node1=-100011,p0={x=-158.8487,y=-688.0781,z=5.0000},p1={x=-155.8968,y=-682.7441,z=5.0000},t0={x=2.6870,y=5.4901,z=0.0000},t1={x=3.2114,y=5.1718,z=0.0000}},{entity=-39,node0=-100011,node1=799,p0={x=-155.8968,y=-682.7441,z=5.0000},p1={x=-150.3390,y=-675.1681,z=5.0000},t0={x=4.9690,y=8.0023,z=0.0000},t1={x=6.1269,y=7.1268,z=0.0000}},{entity=-40,node0=712,node1=-100007,p0={x=-180.5202,y=-591.0642,z=5.0000},p1={x=-164.9758,y=-661.5206,z=5.0000},t0={x=5.4556,y=-72.3181,z=-0.0000},t1={x=25.4025,y=-67.9209,z=0.0000}},{entity=-41,node0=-100007,node1=-100008,p0={x=-164.9758,y=-661.5206,z=5.0000},p1={x=-162.9191,y=-666.8273,z=5.0000},t0={x=1.9935,y=-5.3303,z=0.0000},t1={x=2.1185,y=-5.2834,z=-0.0000}},{entity=-42,node0=-100008,node1=-100009,p0={x=-162.9191,y=-666.8273,z=5.0000},p1={x=-160.7258,y=-672.1257,z=5.0000},t0={x=2.1340,y=-5.3219,z=-0.0000},t1={x=2.2520,y=-5.2739,z=-0.0000}},{entity=-43,node0=-100009,node1=-100010,p0={x=-160.7258,y=-672.1257,z=5.0000},p1={x=-158.3888,y=-677.4264,z=5.0000},t0={x=2.2748,y=-5.3274,z=-0.0000},t1={x=2.4003,y=-5.2722,z=0.0000}},{entity=-44,node0=-100010,node1=-100011,p0={x=-158.3888,y=-677.4264,z=5.0000},p1={x=-155.8968,y=-682.7441,z=5.0000},t0={x=2.4333,y=-5.3445,z=0.0000},t1={x=2.5519,y=-5.2902,z=0.0000}},{entity=-45,node0=-100011,node1=-100012,p0={x=-155.8968,y=-682.7441,z=5.0000},p1={x=-153.2339,y=-688.1036,z=5.0000},t0={x=2.6012,y=-5.3925,z=0.0000},t1={x=2.7248,y=-5.3266,z=-0.0000}},{entity=-46,node0=-100012,node1=-100006,p0={x=-153.2339,y=-688.1036,z=5.0000},p1={x=-140.5258,y=-710.1560,z=5.0000},t0={x=11.5838,y=-22.6449,z=-0.0000},t1={x=13.8381,y=-21.4620,z=0.0000}},{entity=-47,node0=760,node1=-100013,p0={x=-185.5060,y=-591.4404,z=5.0000},p1={x=-170.5451,y=-660.8698,z=5.0000},t0={x=5.3678,y=-71.1547,z=-0.0000},t1={x=24.4088,y=-67.0523,z=-0.0000}},{entity=-48,node0=-100013,node1=-100020,p0={x=-170.5451,y=-660.8698,z=5.0000},p1={x=-168.6240,y=-665.9910,z=5.0000},t0={x=1.8711,y=-5.1400,z=-0.0000},t1={x=1.9781,y=-5.1007,z=-0.0000}},{entity=-49,node0=-100020,node1=-100021,p0={x=-168.6240,y=-665.9910,z=5.0000},p1={x=-166.4265,y=-671.4683,z=5.0000},t0={x=2.1334,y=-5.5012,z=-0.0000},t1={x=2.2594,y=-5.4525,z=-0.0000}},{entity=-50,node0=-100021,node1=-100016,p0={x=-166.4265,y=-671.4683,z=5.0000},p1={x=-164.0762,y=-676.9635,z=5.0000},t0={x=2.2880,y=-5.5216,z=-0.0000},t1={x=2.4142,y=-5.4676,z=-0.0000}},{entity=-51,node0=-100016,node1=-100022,p0={x=-164.0762,y=-676.9635,z=5.0000},p1={x=-161.5559,y=-682.4889,z=5.0000},t0={x=2.4521,y=-5.5533,z=-0.0000},t1={x=2.5820,y=-5.4970,z=-0.0000}},{entity=-52,node0=-100022,node1=-100023,p0={x=-161.5559,y=-682.4889,z=5.0000},p1={x=-158.8487,y=-688.0781,z=5.0000},t0={x=2.6397,y=-5.6199,z=-0.0000},t1={x=2.7739,y=-5.5569,z=-0.0000}},{entity=-53,node0=-100023,node1=-100024,p0={x=-158.8487,y=-688.0781,z=5.0000},p1={x=-155.9195,y=-693.7700,z=5.0000},t0={x=2.8579,y=-5.7252,z=-0.0000},t1={x=3.0003,y=-5.6581,z=-0.0000}},{entity=-54,node0=-100024,node1=-100019,p0={x=-155.9195,y=-693.7700,z=5.0000},p1={x=-144.7280,y=-712.8655,z=5.0000},t0={x=10.3510,y=-19.5202,z=-0.0000},t1={x=12.0269,y=-18.6529,z=0.0000}},{entity=-55,node0=6,node1=-100025,p0={x=-190.4919,y=-591.8165,z=5.0000},p1={x=-175.2435,y=-662.5801,z=5.0000},t0={x=5.4710,y=-72.5221,z=-0.0000},t1={x=24.8778,y=-68.3409,z=-0.0000}},{entity=-56,node0=-100025,node1=-100032,p0={x=-175.2435,y=-662.5801,z=5.0000},p1={x=-172.0631,y=-670.8916,z=5.0000},t0={x=3.0444,y=-8.3630,z=-0.0000},t1={x=3.3245,y=-8.2569,z=0.0000}},{entity=-57,node0=-100032,node1=-100033,p0={x=-172.0631,y=-670.8916,z=5.0000},p1={x=-169.6960,y=-676.5816,z=5.0000},t0={x=2.3019,y=-5.7170,z=0.0000},t1={x=2.4327,y=-5.6640,z=0.0000}},{entity=-58,node0=-100033,node1=-100034,p0={x=-169.6960,y=-676.5816,z=5.0000},p1={x=-167.1471,y=-682.3198,z=5.0000},t0={x=2.4784,y=-5.7704,z=0.0000},t1={x=2.6179,y=-5.7079,z=-0.0000}},{entity=-59,node0=-100034,node1=-100035,p0={x=-167.1471,y=-682.3198,z=5.0000},p1={x=-164.3939,y=-688.1398,z=5.0000},t0={x=2.6841,y=-5.8523,z=-0.0000},t1={x=2.8234,y=-5.7877,z=0.0000}},{entity=-60,node0=-100035,node1=-100036,p0={x=-164.3939,y=-688.1398,z=5.0000},p1={x=-161.3983,y=-694.0901,z=5.0000},t0={x=2.9211,y=-5.9880,z=0.0000},t1={x=3.0701,y=-5.9125,z=-0.0000}},{entity=-61,node0=-100036,node1=-100037,p0={x=-161.3983,y=-694.0901,z=5.0000},p1={x=-158.0967,y=-700.2488,z=5.0000},t0={x=3.2196,y=-6.2005,z=-0.0000},t1={x=3.3838,y=-6.1169,z=-0.0000}},{entity=-62,node0=-100037,node1=-100031,p0={x=-158.0967,y=-700.2488,z=5.0000},p1={x=-148.9302,y=-715.5750,z=5.0000},t0={x=8.6304,y=-15.6010,z=-0.0000},t1={x=9.7035,y=-15.0494,z=0.0000}},{entity=-63,node0=804,node1=-100038,p0={x=-195.4777,y=-592.1926,z=5.0000},p1={x=-179.9419,y=-664.2904,z=5.0000},t0={x=5.5741,y=-73.8894,z=-0.0000},t1={x=25.3469,y=-69.6294,z=-0.0000}},{entity=-64,node0=-100038,node1=-100039,p0={x=-179.9419,y=-664.2904,z=5.0000},p1={x=-177.8453,y=-669.8695,z=5.0000},t0={x=2.0388,y=-5.6008,z=-0.0000},t1={x=2.1623,y=-5.5555,z=-0.0000}},{entity=-65,node0=-100039,node1=-100045,p0={x=-177.8453,y=-669.8695,z=5.0000},p1={x=-175.2594,y=-676.2696,z=5.0000},t0={x=2.5029,y=-6.4307,z=-0.0000},t1={x=2.6667,y=-6.3677,z=-0.0000}},{entity=-66,node0=-100045,node1=-100046,p0={x=-175.2594,y=-676.2696,z=5.0000},p1={x=-172.6812,y=-682.2233,z=5.0000},t0={x=2.5057,y=-5.9831,z=-0.0000},t1={x=2.6515,y=-5.9208,z=-0.0000}},{entity=-67,node0=-100046,node1=-100047,p0={x=-172.6812,y=-682.2233,z=5.0000},p1={x=-169.8808,y=-688.2742,z=5.0000},t0={x=2.7246,y=-6.0840,z=-0.0000},t1={x=2.8720,y=-6.0161,z=0.0000}},{entity=-68,node0=-100047,node1=-100049,p0={x=-169.8808,y=-688.2742,z=5.0000},p1={x=-166.8186,y=-694.4827,z=5.0000},t0={x=2.9817,y=-6.2458,z=0.0000},t1={x=3.1420,y=-6.1700,z=-0.0000}},{entity=-69,node0=-100049,node1=-100048,p0={x=-166.8186,y=-694.4827,z=5.0000},p1={x=-163.4230,y=-700.9340,z=5.0000},t0={x=3.3067,y=-6.4935,z=-0.0000},t1={x=3.4842,y=-6.4085,z=-0.0000}},{entity=-70,node0=-100048,node1=-100050,p0={x=-163.4230,y=-700.9340,z=5.0000},p1={x=-159.5666,y=-707.7876,z=5.0000},t0={x=3.7539,y=-6.9047,z=-0.0000},t1={x=3.9587,y=-6.8018,z=-0.0000}},{entity=-71,node0=-100050,node1=-100044,p0={x=-159.5666,y=-707.7876,z=5.0000},p1={x=-153.1325,y=-718.2845,z=5.0000},t0={x=6.1857,y=-10.6281,z=-0.0000},t1={x=6.6817,y=-10.3629,z=0.0000}},{entity=-72,node0=457,node1=-100051,p0={x=-200.4635,y=-592.5687,z=5.0000},p1={x=-184.6402,y=-666.0008,z=5.0000},t0={x=5.6773,y=-75.2568,z=-0.0000},t1={x=25.8159,y=-70.9179,z=-0.0000}},{entity=-73,node0=-100051,node1=-100052,p0={x=-184.6402,y=-666.0008,z=5.0000},p1={x=-182.5049,y=-671.6831,z=5.0000},t0={x=2.0766,y=-5.7044,z=-0.0000},t1={x=2.2023,y=-5.6583,z=-0.0000}},{entity=-74,node0=-100052,node1=-100053,p0={x=-182.5049,y=-671.6831,z=5.0000},p1={x=-180.2316,y=-677.3365,z=5.0000},t0={x=2.2094,y=-5.6766,z=-0.0000},t1={x=2.3353,y=-5.6281,z=-0.0000}},{entity=-75,node0=-100053,node1=-100058,p0={x=-180.2316,y=-677.3365,z=5.0000},p1={x=-178.1655,y=-682.1863,z=5.0000},t0={x=2.0194,y=-4.8669,z=-0.0000},t1={x=2.1129,y=-4.8302,z=-0.0000}},{entity=-76,node0=-100058,node1=-100059,p0={x=-178.1655,y=-682.1863,z=5.0000},p1={x=-175.3184,y=-688.4701,z=5.0000},t0={x=2.7645,y=-6.3199,z=-0.0000},t1={x=2.9244,y=-6.2509,z=-0.0000}},{entity=-77,node0=-100059,node1=-100061,p0={x=-175.3184,y=-688.4701,z=5.0000},p1={x=-172.1899,y=-694.9369,z=5.0000},t0={x=3.0443,y=-6.5071,z=-0.0000},t1={x=3.2129,y=-6.4259,z=-0.0000}},{entity=-78,node0=-100061,node1=-100062,p0={x=-172.1899,y=-694.9369,z=5.0000},p1={x=-168.7016,y=-701.6797,z=5.0000},t0={x=3.3935,y=-6.7872,z=-0.0000},t1={x=3.5828,y=-6.6978,z=-0.0000}},{entity=-79,node0=-100062,node1=-100060,p0={x=-168.7016,y=-701.6797,z=5.0000},p1={x=-164.7151,y=-708.8717,z=5.0000},t0={x=3.8763,y=-7.2464,z=-0.0000},t1={x=4.0966,y=-7.1369,z=-0.0000}},{entity=-80,node0=-100060,node1=-100063,p0={x=-164.7151,y=-708.8717,z=5.0000},p1={x=-159.9394,y=-716.8745,z=5.0000},t0={x=4.6354,y=-8.0757,z=-0.0000},t1={x=4.9155,y=-7.9288,z=0.0000}},{entity=-81,node0=-100063,node1=-100057,p0={x=-159.9394,y=-716.8745,z=5.0000},p1={x=-157.3347,y=-720.9940,z=5.0000},t0={x=2.5667,y=-4.1401,z=0.0000},t1={x=2.6427,y=-4.0986,z=0.0000}}}
[2026-10-01 19:12:06Z - MESSAGE  - Main Thread      - Main           ]  [ptracks]   preview removes edge 467 edge 888 -> 298 (-184.75, -720.73, 5.00) -> (-165.50, -662.13, 5.00) ::/infrastructure/track/simple/simple.street_template
[2026-10-01 19:12:06Z - MESSAGE  - Main Thread      - Main           ]  [ptracks]   preview removes edge 554 edge 298 -> 297 (-165.50, -662.13, 5.00) -> (-110.46, -634.31, 5.00) ::/infrastructure/track/simple/simple.street_template
[2026-10-01 19:12:06Z - MESSAGE  - Main Thread      - Main           ]  [ptracks]   preview removes edge 499 edge 474 -> 288 (-159.83, -718.85, 5.00) -> (-146.55, -678.43, 5.00) ::/infrastructure/track/simple/simple.street_template
[2026-10-01 19:12:06Z - MESSAGE  - Main Thread      - Main           ]  [ptracks]   preview removes edge 884 edge 975 -> 474 (-153.75, -799.36, 5.00) -> (-159.83, -718.85, 5.00) ::/infrastructure/track/simple/simple.street_template
[2026-10-01 19:12:06Z - MESSAGE  - Main Thread      - Main           ]  [ptracks]   preview removes edge 656 edge 987 -> 378 (-179.77, -720.35, 5.00) -> (-161.71, -665.39, 5.00) ::/infrastructure/track/simple/simple.street_template
[2026-10-01 19:12:06Z - MESSAGE  - Main Thread      - Main           ]  [ptracks]   preview removes edge 405 edge 378 -> 1002 (-161.71, -665.39, 5.00) -> (-110.08, -639.29, 5.00) ::/infrastructure/track/simple/simple.street_template
[2026-10-01 19:12:06Z - MESSAGE  - Main Thread      - Main           ]  [ptracks]   preview removes edge 913 edge 930 -> 887 (-169.80, -719.60, 5.00) -> (-154.13, -671.91, 5.00) ::/infrastructure/track/simple/simple.street_template
[2026-10-01 19:12:06Z - MESSAGE  - Main Thread      - Main           ]  [ptracks]   preview removes edge 985 edge 981 -> 569 (-174.78, -719.97, 5.00) -> (-157.92, -668.65, 5.00) ::/infrastructure/track/simple/simple.street_template
[2026-10-01 19:12:06Z - MESSAGE  - Main Thread      - Main           ]  [ptracks]   preview removes edge 579 edge 569 -> 605 (-157.92, -668.65, 5.00) -> (-109.71, -644.28, 5.00) ::/infrastructure/track/simple/simple.street_template
[2026-10-01 19:12:06Z - MESSAGE  - Main Thread      - Main           ]  [ptracks]   preview removes edge 988 edge 957 -> 799 (-164.81, -719.22, 5.00) -> (-150.34, -675.17, 5.00) ::/infrastructure/track/simple/simple.street_template
[2026-10-01 19:12:06Z - MESSAGE  - Main Thread      - Main           ]  [ptracks]   preview removes node 298 node (-165.50, -662.13, 5.00)
[2026-10-01 19:12:06Z - MESSAGE  - Main Thread      - Main           ]  [ptracks]   preview removes node 474 node (-159.83, -718.85, 5.00)
[2026-10-01 19:12:06Z - MESSAGE  - Main Thread      - Main           ]  [ptracks]   preview removes node 378 node (-161.71, -665.39, 5.00)
[2026-10-01 19:12:06Z - MESSAGE  - Main Thread      - Main           ]  [ptracks]   preview removes node 569 node (-157.92, -668.65, 5.00)
[2026-10-01 19:12:07Z - MESSAGE  - Main Thread      - Main           ]  [ptracks] perf [tracks 6]: preview plan took 62 ms (7 drawn, 34 edges, 30 crossings; 62 ms: orient 0, offsets 2, crossings 22, merges 18, emit 17, check 3)
[2026-10-01 19:12:07Z - MESSAGE  - Main Thread      - Main           ]  [ptracks] preview planned: 7 drawn, 34 edges, 0 anchored, 30 crossings, 0 too shallow, 6 moved, 24 dropped, 0 problems
[2026-10-01 19:12:07Z - MESSAGE  - Main Thread      - Main           ]  [ptracks]   preview plan: {{entity=-1,node0=987,node1=-100058,p0={x=-179.7686,y=-720.3499,z=5.0000},p1={x=-171.9402,y=-680.7110,z=5.0000},t0={x=-3.2142,y=42.6071,z=0.0000},t1={x=17.9211,y=35.5660,z=0.0000}},{entity=-2,node0=-100058,node1=-100045,p0={x=-171.9402,y=-680.7110,z=5.0000},p1={x=-169.1489,y=-675.6605,z=5.0000},t0={x=2.6015,y=5.1629,z=0.0000},t1={x=2.9781,y=4.9346,z=0.0000}},{entity=-3,node0=-100045,node1=-100028,p0={x=-169.1489,y=-675.6605,z=5.0000},p1={x=-166.0891,y=-670.9885,z=5.0000},t0={x=2.8893,y=4.7874,z=0.0000},t1={x=3.2276,y=4.5537,z=-0.0000}},{entity=-4,node0=-100028,node1=-100021,p0={x=-166.0891,y=-670.9885,z=5.0000},p1={x=-162.7922,y=-666.6725,z=5.0000},t0={x=3.1428,y=4.4340,z=-0.0000},t1={x=3.4487,y=4.1951,z=-0.0000}},{entity=-5,node0=-100021,node1=-100008,p0={x=-162.7922,y=-666.6725,z=5.0000},p1={x=-159.2821,y=-662.6942,z=5.0000},t0={x=3.3698,y=4.0992,z=-0.0000},t1={x=3.6480,y=3.8549,z=-0.0000}},{entity=-6,node0=-100008,node1=1002,p0={x=-159.2821,y=-662.6942,z=5.0000},p1={x=-110.0836,y=-639.2933,z=5.0000},t0={x=37.4010,y=39.5217,z=-0.0000},t1={x=58.5335,y=4.4157,z=0.0000}},{entity=-7,node0=930,node1=-100060,p0={x=-169.7969,y=-719.5976,z=5.0000},p1={x=-165.4351,y=-690.6267,z=5.0000},t0={x=-2.3103,y=30.6253,z=0.0000},t1={x=10.5654,y=26.7716,z=0.0000}},{entity=-8,node0=-100060,node1=-100047,p0={x=-165.4351,y=-690.6267,z=5.0000},p1={x=-163.0452,y=-685.2844,z=5.0000},t0={x=2.1552,y=5.4611,z=0.0000},t1={x=2.6206,y=5.2189,z=0.0000}},{entity=-9,node0=-100047,node1=-100034,p0={x=-163.0452,y=-685.2844,z=5.0000},p1={x=-160.3112,y=-680.3755,z=5.0000},t0={x=2.5268,y=5.0321,z=0.0000},t1={x=2.9377,y=4.7815,z=0.0000}},{entity=-10,node0=-100034,node1=-100023,p0={x=-160.3112,y=-680.3755,z=5.0000},p1={x=-157.2766,y=-675.8650,z=5.0000},t0={x=2.8496,y=4.6381,z=0.0000},t1={x=3.2164,y=4.3793,z=-0.0000}},{entity=-11,node0=-100023,node1=-100010,p0={x=-157.2766,y=-675.8650,z=5.0000},p1={x=-153.9763,y=-671.7299,z=5.0000},t0={x=3.1338,y=4.2668,z=-0.0000},t1={x=3.4637,y=3.9999,z=-0.0000}},{entity=-12,node0=-100010,node1=464,p0={x=-153.9763,y=-671.7299,z=5.0000},p1={x=-109.3314,y=-649.2650,z=5.0000},t0={x=32.8082,y=37.8871,z=-0.0000},t1={x=53.9245,y=4.0680,z=0.0000}},{entity=-13,node0=888,node1=-100057,p0={x=-184.7544,y=-720.7260,z=5.0000},p1={x=-174.9315,y=-675.6718,z=5.0000},t0={x=-3.6820,y=48.8088,z=0.0000},t1={x=22.0718,y=39.8384,z=0.0000}},{entity=-14,node0=-100057,node1=-100044,p0={x=-174.9315,y=-675.6718,z=5.0000},p1={x=-171.9699,y=-670.7480,z=5.0000},t0={x=2.7886,y=5.0333,z=0.0000},t1={x=3.1320,y=4.8113,z=0.0000}},{entity=-15,node0=-100044,node1=-100027,p0={x=-171.9699,y=-670.7480,z=5.0000},p1={x=-168.7678,y=-666.1811,z=5.0000},t0={x=3.0457,y=4.6787,z=0.0000},t1={x=3.3562,y=4.4523,z=0.0000}},{entity=-16,node0=-100027,node1=-100020,p0={x=-168.7678,y=-666.1811,z=5.0000},p1={x=-165.3505,y=-661.9507,z=5.0000},t0={x=3.2750,y=4.3446,z=0.0000},t1={x=3.5575,y=4.1137,z=-0.0000}},{entity=-17,node0=-100020,node1=-100007,p0={x=-165.3505,y=-661.9507,z=5.0000},p1={x=-161.7399,y=-658.0425,z=5.0000},t0={x=3.4805,y=4.0246,z=-0.0000},t1={x=3.7386,y=3.7893,z=-0.0000}},{entity=-18,node0=-100007,node1=297,p0={x=-161.7399,y=-658.0425,z=5.0000},p1={x=-110.4597,y=-634.3075,z=5.0000},t0={x=39.5674,y=40.1043,z=-0.0000},t1={x=60.5901,y=4.5708,z=0.0000}},{entity=-19,node0=474,node1=-100062,p0={x=-159.8252,y=-718.8454,z=5.0000},p1={x=-158.1350,y=-700.3926,z=5.0000},t0={x=-1.4446,y=19.1501,z=0.0000},t1={x=4.6655,y=17.5700,z=0.0000}},{entity=-20,node0=-100062,node1=-100049,p0={x=-158.1350,y=-700.3926,z=5.0000},p1={x=-156.2728,y=-694.6614,z=5.0000},t0={x=1.5552,y=5.8568,z=0.0000},t1={x=2.1633,y=5.5988,z=0.0000}},{entity=-21,node0=-100049,node1=-100036,p0={x=-156.2728,y=-694.6614,z=5.0000},p1={x=-153.9454,y=-689.4527,z=5.0000},t0={x=2.0639,y=5.3415,z=0.0000},t1={x=2.5858,y=5.0700,z=0.0000}},{entity=-22,node0=-100036,node1=-100025,p0={x=-153.9454,y=-689.4527,z=5.0000},p1={x=-151.2266,y=-684.7125,z=5.0000},t0={x=2.4887,y=4.8796,z=0.0000},t1={x=2.9443,y=4.5956,z=0.0000}},{entity=-23,node0=-100025,node1=-100012,p0={x=-151.2266,y=-684.7125,z=5.0000},p1={x=-148.1696,y=-680.4040,z=5.0000},t0={x=2.8537,y=4.4542,z=0.0000},t1={x=3.2563,y=4.1579,z=0.0000}},{entity=-24,node0=-100012,node1=-100063,p0={x=-148.1696,y=-680.4040,z=5.0000},p1={x=-144.5711,y=-676.2474,z=5.0000},t0={x=3.3916,y=4.3307,z=0.0000},t1={x=3.8006,y=3.9769,z=0.0000}},{entity=-25,node0=-100063,node1=989,p0={x=-144.5711,y=-676.2474,z=5.0000},p1={x=-108.5791,y=-659.2366,z=5.0000},t0={x=27.4587,y=28.7329,z=0.0000},t1={x=42.7513,y=3.2251,z=0.0000}},{entity=-26,node0=981,node1=-100059,p0={x=-174.7827,y=-719.9737,z=5.0000},p1={x=-168.7798,y=-685.6973,z=5.0000},t0={x=-2.7567,y=36.5436,z=0.0000},t1={x=14.0754,y=31.2100,z=0.0000}},{entity=-27,node0=-100059,node1=-100046,p0={x=-168.7798,y=-685.6973,z=5.0000},p1={x=-166.1762,y=-680.5059,z=5.0000},t0={x=2.3934,y=5.3071,z=0.0000},t1={x=2.8104,y=5.0717,z=0.0000}},{entity=-28,node0=-100046,node1=-100033,p0={x=-166.1762,y=-680.5059,z=5.0000},p1={x=-163.2704,y=-675.7191,z=5.0000},t0={x=2.7185,y=4.9059,z=0.0000},t1={x=3.0900,y=4.6640,z=0.0000}},{entity=-29,node0=-100033,node1=-100022,p0={x=-163.2704,y=-675.7191,z=5.0000},p1={x=-160.0998,y=-671.3099,z=5.0000},t0={x=3.0024,y=4.5317,z=0.0000},t1={x=3.3360,y=4.2835,z=0.0000}},{entity=-30,node0=-100022,node1=-100009,p0={x=-160.0998,y=-671.3099,z=5.0000},p1={x=-156.6920,y=-667.2556,z=5.0000},t0={x=3.2555,y=4.1802,z=0.0000},t1={x=3.5574,y=3.9254,z=0.0000}},{entity=-31,node0=-100009,node1=605,p0={x=-156.6920,y=-667.2556,z=5.0000},p1={x=-109.7075,y=-644.2792,z=5.0000},t0={x=35.1462,y=38.7809,z=0.0000},t1={x=56.3091,y=4.2478,z=0.0000}},{entity=-32,node0=957,node1=-100061,p0={x=-164.8111,y=-719.2215,z=5.0000},p1={x=-161.8951,y=-695.5199,z=5.0000},t0={x=-1.8732,y=24.8316,z=0.0000},t1={x=7.4125,y=22.2312,z=0.0000}},{entity=-33,node0=-100061,node1=-100048,p0={x=-161.8951,y=-695.5199,z=5.0000},p1={x=-159.7471,y=-689.9984,z=5.0000},t0={x=1.8818,y=5.6438,z=0.0000},t1={x=2.4093,y=5.3937,z=0.0000}},{entity=-34,node0=-100048,node1=-100035,p0={x=-159.7471,y=-689.9984,z=5.0000},p1={x=-157.2026,y=-684.9494,z=5.0000},t0={x=2.3124,y=5.1768,z=0.0000},t1={x=2.7724,y=4.9162,z=0.0000}},{entity=-35,node0=-100035,node1=-100024,p0={x=-157.2026,y=-684.9494,z=5.0000},p1={x=-154.3188,y=-680.3322,z=5.0000},t0={x=2.6788,y=4.7502,z=0.0000},t1={x=3.0850,y=4.4798,z=0.0000}},{entity=-36,node0=-100024,node1=-100011,p0={x=-154.3188,y=-680.3322,z=5.0000},p1={x=-151.1366,y=-676.1151,z=5.0000},t0={x=2.9992,y=4.3553,z=0.0000},t1={x=3.3617,y=4.0749,z=0.0000}},{entity=-37,node0=-100011,node1=-100064,p0={x=-151.1366,y=-676.1151,z=5.0000},p1={x=-147.4500,y=-672.0360,z=5.0000},t0={x=3.5003,y=4.2429,z=0.0000},t1={x=3.8694,y=3.9113,z=0.0000}},{entity=-38,node0=-100064,node1=274,p0={x=-147.4500,y=-672.0360,z=5.0000},p1={x=-108.9553,y=-654.2509,z=5.0000},t0={x=29.7305,y=30.0518,z=0.0000},t1={x=45.4631,y=3.4296,z=0.0000}},{entity=-39,node0=712,node1=-100007,p0={x=-180.5202,y=-591.0642,z=5.0000},p1={x=-161.7399,y=-658.0425,z=5.0000},t0={x=5.3376,y=-70.7536,z=-0.0000},t1={x=31.6100,y=-62.0827,z=0.0000}},{entity=-40,node0=-100007,node1=-100008,p0={x=-161.7399,y=-658.0425,z=5.0000},p1={x=-159.2821,y=-662.6942,z=5.0000},t0={x=2.3877,y=-4.6895,z=0.0000},t1={x=2.5297,y=-4.6135,z=-0.0000}},{entity=-41,node0=-100008,node1=-100009,p0={x=-159.2821,y=-662.6942,z=5.0000},p1={x=-156.6920,y=-667.2556,z=5.0000},t0={x=2.5218,y=-4.5992,z=-0.0000},t1={x=2.6564,y=-4.5233,z=-0.0000}},{entity=-42,node0=-100009,node1=-100010,p0={x=-156.6920,y=-667.2556,z=5.0000},p1={x=-153.9763,y=-671.7299,z=5.0000},t0={x=2.6502,y=-4.5126,z=-0.0000},t1={x=2.7776,y=-4.4346,z=0.0000}},{entity=-43,node0=-100010,node1=-100011,p0={x=-153.9763,y=-671.7299,z=5.0000},p1={x=-151.1366,y=-676.1151,z=5.0000},t0={x=2.7726,y=-4.4266,z=0.0000},t1={x=2.9095,y=-4.3415,z=-0.0000}},{entity=-44,node0=-100011,node1=-100012,p0={x=-151.1366,y=-676.1151,z=5.0000},p1={x=-148.1696,y=-680.4040,z=5.0000},t0={x=2.9024,y=-4.3309,z=-0.0000},t1={x=3.0270,y=-4.2445,z=-0.0000}},{entity=-45,node0=-100012,node1=-100006,p0={x=-148.1696,y=-680.4040,z=5.0000},p1={x=-120.0963,y=-711.2815,z=5.0000},t0={x=24.1240,y=-33.8269,z=-0.0000},t1={x=31.8956,y=-27.6717,z=0.0000}},{entity=-46,node0=760,node1=-100020,p0={x=-185.5060,y=-591.4404,z=5.0000},p1={x=-165.3505,y=-661.9507,z=5.0000},t0={x=5.6310,y=-74.6438,z=-0.0000},t1={x=34.0377,y=-65.2149,z=0.0000}},{entity=-47,node0=-100020,node1=-100021,p0={x=-165.3505,y=-661.9507,z=5.0000},p1={x=-162.7922,y=-666.6725,z=5.0000},t0={x=2.4850,y=-4.7611,z=0.0000},t1={x=2.6294,y=-4.6833,z=-0.0000}},{entity=-48,node0=-100021,node1=-100022,p0={x=-162.7922,y=-666.6725,z=5.0000},p1={x=-160.0998,y=-671.3099,z=5.0000},t0={x=2.6256,y=-4.6765,z=-0.0000},t1={x=2.7610,y=-4.5999,z=0.0000}},{entity=-49,node0=-100022,node1=-100023,p0={x=-160.0998,y=-671.3099,z=5.0000},p1={x=-157.2766,y=-675.8650,z=5.0000},t0={x=2.7583,y=-4.5953,z=0.0000},t1={x=2.8871,y=-4.5144,z=0.0000}},{entity=-50,node0=-100023,node1=-100024,p0={x=-157.2766,y=-675.8650,z=5.0000},p1={x=-154.3188,y=-680.3322,z=5.0000},t0={x=2.8865,y=-4.5134,z=0.0000},t1={x=3.0263,y=-4.4226,z=-0.0000}},{entity=-51,node0=-100024,node1=-100025,p0={x=-154.3188,y=-680.3322,z=5.0000},p1={x=-151.2266,y=-684.7125,z=5.0000},t0={x=3.0286,y=-4.4259,z=-0.0000},t1={x=3.1552,y=-4.3345,z=-0.0000}},{entity=-52,node0=-100025,node1=-100019,p0={x=-151.2266,y=-684.7125,z=5.0000},p1={x=-123.3730,y=-715.0583,z=5.0000},t0={x=24.1735,y=-33.2086,z=-0.0000},t1={x=31.5027,y=-27.3308,z=0.0000}},{entity=-53,node0=6,node1=-100026,p0={x=-190.4919,y=-591.8165,z=5.0000},p1={x=-171.3762,y=-661.1414,z=5.0000},t0={x=5.5135,y=-73.0861,z=-0.0000},t1={x=32.1049,y=-64.3507,z=0.0000}},{entity=-54,node0=-100026,node1=-100027,p0={x=-171.3762,y=-661.1414,z=5.0000},p1={x=-168.7678,y=-666.1811,z=5.0000},t0={x=2.5360,y=-5.0831,z=0.0000},t1={x=2.6873,y=-4.9999,z=-0.0000}},{entity=-55,node0=-100027,node1=-100028,p0={x=-168.7678,y=-666.1811,z=5.0000},p1={x=-166.0891,y=-670.9885,z=5.0000},t0={x=2.6053,y=-4.8472,z=-0.0000},t1={x=2.7477,y=-4.7698,z=-0.0000}},{entity=-56,node0=-100028,node1=-100033,p0={x=-166.0891,y=-670.9885,z=5.0000},p1={x=-163.2704,y=-675.7191,z=5.0000},t0={x=2.7489,y=-4.7718,z=-0.0000},t1={x=2.8878,y=-4.6881,z=-0.0000}},{entity=-57,node0=-100033,node1=-100034,p0={x=-163.2704,y=-675.7191,z=5.0000},p1={x=-160.3112,y=-680.3755,z=5.0000},t0={x=2.8937,y=-4.6977,z=-0.0000},t1={x=3.0329,y=-4.6140,z=-0.0000}},{entity=-58,node0=-100034,node1=-100035,p0={x=-160.3112,y=-680.3755,z=5.0000},p1={x=-157.2026,y=-684.9494,z=5.0000},t0={x=3.0376,y=-4.6212,z=-0.0000},t1={x=3.1741,y=-4.5285,z=-0.0000}},{entity=-59,node0=-100035,node1=-100036,p0={x=-157.2026,y=-684.9494,z=5.0000},p1={x=-153.9454,y=-689.4527,z=5.0000},t0={x=3.1885,y=-4.5491,z=-0.0000},t1={x=3.3256,y=-4.4569,z=-0.0000}},{entity=-60,node0=-100036,node1=-100032,p0={x=-153.9454,y=-689.4527,z=5.0000},p1={x=-126.6496,y=-718.8350,z=5.0000},t0={x=23.8762,y=-31.9987,z=-0.0000},t1={x=30.6230,y=-26.5676,z=0.0000}},{entity=-61,node0=804,node1=-100037,p0={x=-195.4777,y=-592.1926,z=5.0000},p1={x=-175.8503,y=-663.3735,z=5.0000},t0={x=5.6611,y=-75.0428,z=-0.0000},t1={x=32.9645,y=-66.0735,z=0.0000}},{entity=-62,node0=-100037,node1=-100044,p0={x=-175.8503,y=-663.3735,z=5.0000},p1={x=-171.9699,y=-670.7480,z=5.0000},t0={x=3.7242,y=-7.4646,z=0.0000},t1={x=4.0459,y=-7.2861,z=0.0000}},{entity=-63,node0=-100044,node1=-100045,p0={x=-171.9699,y=-670.7480,z=5.0000},p1={x=-169.1489,y=-675.6605,z=5.0000},t0={x=2.7500,y=-4.9524,z=0.0000},t1={x=2.8927,y=-4.8715,z=-0.0000}},{entity=-64,node0=-100045,node1=-100046,p0={x=-169.1489,y=-675.6605,z=5.0000},p1={x=-166.1762,y=-680.5059,z=5.0000},t0={x=2.9024,y=-4.8879,z=-0.0000},t1={x=3.0415,y=-4.8008,z=-0.0000}},{entity=-65,node0=-100046,node1=-100047,p0={x=-166.1762,y=-680.5059,z=5.0000},p1={x=-163.0452,y=-685.2844,z=5.0000},t0={x=3.0573,y=-4.8257,z=-0.0000},t1={x=3.2062,y=-4.7309,z=-0.0000}},{entity=-66,node0=-100047,node1=-100048,p0={x=-163.0452,y=-685.2844,z=5.0000},p1={x=-159.7471,y=-689.9984,z=5.0000},t0={x=3.2274,y=-4.7621,z=-0.0000},t1={x=3.3660,y=-4.6635,z=-0.0000}},{entity=-67,node0=-100048,node1=-100049,p0={x=-159.7471,y=-689.9984,z=5.0000},p1={x=-156.2728,y=-694.6614,z=5.0000},t0={x=3.4013,y=-4.7125,z=-0.0000},t1={x=3.5470,y=-4.6129,z=-0.0000}},{entity=-68,node0=-100049,node1=-100043,p0={x=-156.2728,y=-694.6614,z=5.0000},p1={x=-129.9262,y=-722.6118,z=5.0000},t0={x=23.3037,y=-30.3066,z=-0.0000},t1={x=29.3061,y=-25.4251,z=0.0000}},{entity=-69,node0=457,node1=-100050,p0={x=-200.4635,y=-592.5687,z=5.0000},p1={x=-180.3244,y=-665.6057,z=5.0000},t0={x=5.8087,y=-76.9995,z=-0.0000},t1={x=33.8240,y=-67.7964,z=0.0000}},{entity=-70,node0=-100050,node1=-100051,p0={x=-180.3244,y=-665.6057,z=5.0000},p1={x=-177.6017,y=-670.8679,z=5.0000},t0={x=2.6478,y=-5.3071,z=0.0000},t1={x=2.8042,y=-5.2210,z=-0.0000}},{entity=-71,node0=-100051,node1=-100057,p0={x=-177.6017,y=-670.8679,z=5.0000},p1={x=-174.9315,y=-675.6718,z=5.0000},t0={x=2.6005,y=-4.8418,z=-0.0000},t1={x=2.7362,y=-4.7681,z=-0.0000}},{entity=-72,node0=-100057,node1=-100058,p0={x=-174.9315,y=-675.6718,z=5.0000},p1={x=-171.9402,y=-680.7110,z=5.0000},t0={x=2.9168,y=-5.0827,z=-0.0000},t1={x=3.0655,y=-4.9937,z=-0.0000}},{entity=-73,node0=-100058,node1=-100059,p0={x=-171.9402,y=-680.7110,z=5.0000},p1={x=-168.7798,y=-685.6973,z=5.0000},t0={x=3.0887,y=-5.0314,z=-0.0000},t1={x=3.2392,y=-4.9404,z=-0.0000}},{entity=-74,node0=-100059,node1=-100060,p0={x=-168.7798,y=-685.6973,z=5.0000},p1={x=-165.4351,y=-690.6267,z=5.0000},t0={x=3.2642,y=-4.9786,z=-0.0000},t1={x=3.4184,y=-4.8807,z=-0.0000}},{entity=-75,node0=-100060,node1=-100061,p0={x=-165.4351,y=-690.6267,z=5.0000},p1={x=-161.8951,y=-695.5199,z=5.0000},t0={x=3.4632,y=-4.9447,z=-0.0000},t1={x=3.6165,y=-4.8412,z=-0.0000}},{entity=-76,node0=-100061,node1=-100062,p0={x=-161.8951,y=-695.5199,z=5.0000},p1={x=-158.1350,y=-700.3926,z=5.0000},t0={x=3.6813,y=-4.9279,z=-0.0000},t1={x=3.8385,y=-4.8168,z=-0.0000}},{entity=-77,node0=-100062,node1=-100056,p0={x=-158.1350,y=-700.3926,z=5.0000},p1={x=-133.2028,y=-726.3885,z=5.0000},t0={x=22.3436,y=-28.0385,z=-0.0000},t1={x=27.4625,y=-23.8257,z=0.0000}}}
[2026-10-01 19:12:07Z - MESSAGE  - Main Thread      - Main           ]  [ptracks]   preview removes edge 405 edge 378 -> 1002 (-161.71, -665.39, 5.00) -> (-110.08, -639.29, 5.00) ::/infrastructure/track/simple/simple.street_template
[2026-10-01 19:12:07Z - MESSAGE  - Main Thread      - Main           ]  [ptracks]   preview removes edge 656 edge 987 -> 378 (-179.77, -720.35, 5.00) -> (-161.71, -665.39, 5.00) ::/infrastructure/track/simple/simple.street_template
[2026-10-01 19:12:07Z - MESSAGE  - Main Thread      - Main           ]  [ptracks]   preview removes edge 460 edge 887 -> 464 (-154.13, -671.91, 5.00) -> (-109.33, -649.27, 5.00) ::/infrastructure/track/simple/simple.street_template
[2026-10-01 19:12:07Z - MESSAGE  - Main Thread      - Main           ]  [ptracks]   preview removes edge 913 edge 930 -> 887 (-169.80, -719.60, 5.00) -> (-154.13, -671.91, 5.00) ::/infrastructure/track/simple/simple.street_template
[2026-10-01 19:12:07Z - MESSAGE  - Main Thread      - Main           ]  [ptracks]   preview removes edge 467 edge 888 -> 298 (-184.75, -720.73, 5.00) -> (-165.50, -662.13, 5.00) ::/infrastructure/track/simple/simple.street_template
[2026-10-01 19:12:07Z - MESSAGE  - Main Thread      - Main           ]  [ptracks]   preview removes edge 554 edge 298 -> 297 (-165.50, -662.13, 5.00) -> (-110.46, -634.31, 5.00) ::/infrastructure/track/simple/simple.street_template
[2026-10-01 19:12:07Z - MESSAGE  - Main Thread      - Main           ]  [ptracks]   preview removes edge 499 edge 474 -> 288 (-159.83, -718.85, 5.00) -> (-146.55, -678.43, 5.00) ::/infrastructure/track/simple/simple.street_template
[2026-10-01 19:12:07Z - MESSAGE  - Main Thread      - Main           ]  [ptracks]   preview removes edge 445 edge 288 -> 989 (-146.55, -678.43, 5.00) -> (-108.58, -659.24, 5.00) ::/infrastructure/track/simple/simple.street_template
[2026-10-01 19:12:07Z - MESSAGE  - Main Thread      - Main           ]  [ptracks]   preview removes edge 579 edge 569 -> 605 (-157.92, -668.65, 5.00) -> (-109.71, -644.28, 5.00) ::/infrastructure/track/simple/simple.street_template
[2026-10-01 19:12:07Z - MESSAGE  - Main Thread      - Main           ]  [ptracks]   preview removes edge 985 edge 981 -> 569 (-174.78, -719.97, 5.00) -> (-157.92, -668.65, 5.00) ::/infrastructure/track/simple/simple.street_template
[2026-10-01 19:12:07Z - MESSAGE  - Main Thread      - Main           ]  [ptracks]   preview removes edge 988 edge 957 -> 799 (-164.81, -719.22, 5.00) -> (-150.34, -675.17, 5.00) ::/infrastructure/track/simple/simple.street_template
[2026-10-01 19:12:07Z - MESSAGE  - Main Thread      - Main           ]  [ptracks]   preview removes edge 573 edge 799 -> 274 (-150.34, -675.17, 5.00) -> (-108.96, -654.25, 5.00) ::/infrastructure/track/simple/simple.street_template
[2026-10-01 19:12:07Z - MESSAGE  - Main Thread      - Main           ]  [ptracks]   preview removes node 378 node (-161.71, -665.39, 5.00)
[2026-10-01 19:12:07Z - MESSAGE  - Main Thread      - Main           ]  [ptracks]   preview removes node 887 node (-154.13, -671.91, 5.00)
[2026-10-01 19:12:07Z - MESSAGE  - Main Thread      - Main           ]  [ptracks]   preview removes node 298 node (-165.50, -662.13, 5.00)
[2026-10-01 19:12:07Z - MESSAGE  - Main Thread      - Main           ]  [ptracks]   preview removes node 288 node (-146.55, -678.43, 5.00)
[2026-10-01 19:12:07Z - MESSAGE  - Main Thread      - Main           ]  [ptracks]   preview removes node 569 node (-157.92, -668.65, 5.00)
[2026-10-01 19:12:07Z - MESSAGE  - Main Thread      - Main           ]  [ptracks]   preview removes node 799 node (-150.34, -675.17, 5.00)
[2026-10-01 19:12:07Z - MESSAGE  - Main Thread      - Main           ]  [ptracks] perf [tracks 6]: preview plan took 56 ms (7 drawn, 34 edges, 30 crossings; 56 ms: orient 1, offsets 0, crossings 14, merges 21, emit 17, check 3)
[2026-10-01 19:12:07Z - MESSAGE  - Main Thread      - Main           ]  [ptracks] preview planned: 7 drawn, 34 edges, 0 anchored, 30 crossings, 0 too shallow, 6 moved, 28 dropped, 0 problems
[2026-10-01 19:12:07Z - MESSAGE  - Main Thread      - Main           ]  [ptracks]   preview plan: {{entity=-1,node0=987,node1=-100060,p0={x=-179.7686,y=-720.3499,z=5.0000},p1={x=-170.2391,y=-677.5266,z=5.0000},t0={x=-3.5059,y=46.4740,z=0.0000},t1={x=21.3322,y=37.7390,z=0.0000}},{entity=-2,node0=-100060,node1=-100048,p0={x=-170.2391,y=-677.5266,z=5.0000},p1={x=-167.3762,y=-672.8632,z=5.0000},t0={x=2.6965,y=4.7704,z=0.0000},t1={x=3.0268,y=4.5534,z=0.0000}},{entity=-3,node0=-100048,node1=-100034,p0={x=-167.3762,y=-672.8632,z=5.0000},p1={x=-164.2645,y=-668.5214,z=5.0000},t0={x=2.9597,y=4.4524,z=0.0000},t1={x=3.2614,y=4.2285,z=0.0000}},{entity=-4,node0=-100034,node1=-100021,p0={x=-164.2645,y=-668.5214,z=5.0000},p1={x=-160.9266,y=-664.4886,z=5.0000},t0={x=3.1984,y=4.1469,z=0.0000},t1={x=3.4753,y=3.9161,z=0.0000}},{entity=-5,node0=-100021,node1=-100008,p0={x=-160.9266,y=-664.4886,z=5.0000},p1={x=-157.3803,y=-660.7552,z=5.0000},t0={x=3.4176,y=3.8512,z=0.0000},t1={x=3.6728,y=3.6133,z=0.0000}},{entity=-6,node0=-100008,node1=1002,p0={x=-157.3803,y=-660.7552,z=5.0000},p1={x=-110.0836,y=-639.2933,z=5.0000},t0={x=36.8692,y=36.2718,z=0.0000},t1={x=55.6123,y=4.1953,z=0.0000}},{entity=-7,node0=474,node1=-100064,p0={x=-159.8252,y=-718.8454,z=5.0000},p1={x=-156.3694,y=-694.9132,z=5.0000},t0={x=-1.9046,y=25.2469,z=0.0000},t1={x=8.4508,y=22.1925,z=0.0000}},{entity=-8,node0=-100064,node1=-100051,p0={x=-156.3694,y=-694.9132,z=5.0000},p1={x=-154.1643,y=-689.8865,z=5.0000},t0={x=1.9605,y=5.1485,z=0.0000},t1={x=2.4452,y=4.8996,z=0.0000}},{entity=-9,node0=-100051,node1=-100038,p0={x=-154.1643,y=-689.8865,z=5.0000},p1={x=-151.5722,y=-685.2587,z=5.0000},t0={x=2.3742,y=4.7574,z=0.0000},t1={x=2.8058,y=4.4932,z=0.0000}},{entity=-10,node0=-100038,node1=-100025,p0={x=-151.5722,y=-685.2587,z=5.0000},p1={x=-148.6333,y=-681.0044,z=5.0000},t0={x=2.7426,y=4.3921,z=0.0000},t1={x=3.1313,y=4.1120,z=0.0000}},{entity=-11,node0=-100025,node1=-100012,p0={x=-148.6333,y=-681.0044,z=5.0000},p1={x=-145.3789,y=-677.1108,z=5.0000},t0={x=3.0762,y=4.0397,z=0.0000},t1={x=3.4289,y=3.7433,z=0.0000}},{entity=-12,node0=-100012,node1=989,p0={x=-145.3789,y=-677.1108,z=5.0000},p1={x=-108.5791,y=-659.2366,z=5.0000},t0={x=27.6392,y=30.1740,z=0.0000},t1={x=44.0232,y=3.3210,z=0.0000}},{entity=-13,node0=930,node1=-100062,p0={x=-169.7969,y=-719.5976,z=5.0000},p1={x=-163.6027,y=-686.4220,z=5.0000},t0={x=-2.6794,y=35.5180,z=0.0000},t1={x=14.3370,y=29.9833,z=0.0000}},{entity=-14,node0=-100062,node1=-100049,p0={x=-163.6027,y=-686.4220,z=5.0000},p1={x=-161.0405,y=-681.5918,z=5.0000},t0={x=2.3640,y=4.9438,z=0.0000},t1={x=2.7572,y=4.7126,z=0.0000}},{entity=-15,node0=-100049,node1=-100036,p0={x=-161.0405,y=-681.5918,z=5.0000},p1={x=-158.1735,y=-677.1166,z=5.0000},t0={x=2.6878,y=4.5941,z=0.0000},t1={x=3.0431,y=4.3529,z=0.0000}},{entity=-16,node0=-100036,node1=-100023,p0={x=-158.1735,y=-677.1166,z=5.0000},p1={x=-155.0306,y=-672.9782,z=5.0000},t0={x=2.9798,y=4.2624,z=0.0000},t1={x=3.3032,y=4.0110,z=0.0000}},{entity=-17,node0=-100023,node1=-100010,p0={x=-155.0306,y=-672.9782,z=5.0000},p1={x=-151.6333,y=-669.1639,z=5.0000},t0={x=3.2478,y=3.9438,z=0.0000},t1={x=3.5440,y=3.6817,z=-0.0000}},{entity=-18,node0=-100010,node1=464,p0={x=-151.6333,y=-669.1639,z=5.0000},p1={x=-109.3314,y=-649.2650,z=5.0000},t0={x=32.3568,y=33.6140,z=-0.0000},t1={x=50.1857,y=3.7859,z=0.0000}},{entity=-19,node0=888,node1=-100059,p0={x=-184.7544,y=-720.7260,z=5.0000},p1={x=-173.3361,y=-672.9215,z=5.0000},t0={x=-3.9393,y=52.2190,z=0.0000},t1={x=25.2376,y=41.6007,z=0.0000}},{entity=-20,node0=-100059,node1=-100046,p0={x=-173.3361,y=-672.9215,z=5.0000},p1={x=-170.3356,y=-668.3337,z=5.0000},t0={x=2.8465,y=4.6920,z=0.0000},t1={x=3.1523,y=4.4810,z=0.0000}},{entity=-21,node0=-100046,node1=-100033,p0={x=-170.3356,y=-668.3337,z=5.0000},p1={x=-167.1092,y=-664.0553,z=5.0000},t0={x=3.0852,y=4.3855,z=0.0000},t1={x=3.3656,y=4.1688,z=0.0000}},{entity=-22,node0=-100033,node1=-100020,p0={x=-167.1092,y=-664.0553,z=5.0000},p1={x=-163.6768,y=-660.0750,z=5.0000},t0={x=3.3023,y=4.0904,z=0.0000},t1={x=3.5604,y=3.8680,z=0.0000}},{entity=-23,node0=-100020,node1=-100007,p0={x=-163.6768,y=-660.0750,z=5.0000},p1={x=-160.0547,y=-656.3836,z=5.0000},t0={x=3.5020,y=3.8045,z=0.0000},t1={x=3.7405,y=3.5762,z=0.0000}},{entity=-24,node0=-100007,node1=297,p0={x=-160.0547,y=-656.3836,z=5.0000},p1={x=-110.4597,y=-634.3075,z=5.0000},t0={x=39.0298,y=37.3156,z=0.0000},t1={x=58.0473,y=4.3790,z=0.0000}},{entity=-25,node0=957,node1=-100063,p0={x=-164.8111,y=-719.2215,z=5.0000},p1={x=-160.0631,y=-690.7182,z=5.0000},t0={x=-2.2855,y=30.2970,z=0.0000},t1={x=11.2499,y=26.0913,z=0.0000}},{entity=-26,node0=-100063,node1=-100050,p0={x=-160.0631,y=-690.7182,z=5.0000},p1={x=-157.6703,y=-685.7944,z=5.0000},t0={x=2.1737,y=5.0415,z=0.0000},t1={x=2.6081,y=4.8018,z=0.0000}},{entity=-27,node0=-100050,node1=-100037,p0={x=-157.6703,y=-685.7944,z=5.0000},p1={x=-154.9348,y=-681.2443,z=5.0000},t0={x=2.5387,y=4.6740,z=0.0000},t1={x=2.9287,y=4.4220,z=0.0000}},{entity=-28,node0=-100037,node1=-100024,p0={x=-154.9348,y=-681.2443,z=5.0000},p1={x=-151.8917,y=-677.0490,z=5.0000},t0={x=2.8650,y=4.3258,z=0.0000},t1={x=3.2181,y=4.0612,z=0.0000}},{entity=-29,node0=-100024,node1=-100011,p0={x=-151.8917,y=-677.0490,z=5.0000},p1={x=-148.5660,y=-673.1943,z=5.0000},t0={x=3.1630,y=3.9917,z=0.0000},t1={x=3.4852,y=3.7140,z=-0.0000}},{entity=-30,node0=-100011,node1=274,p0={x=-148.5660,y=-673.1943,z=5.0000},p1={x=-108.9553,y=-654.2509,z=5.0000},t0={x=30.0195,y=31.9901,z=-0.0000},t1={x=47.1932,y=3.5602,z=0.0000}},{entity=-31,node0=981,node1=-100061,p0={x=-174.7827,y=-719.9737,z=5.0000},p1={x=-166.9947,y=-682.0264,z=5.0000},t0={x=-3.0860,y=40.9079,z=0.0000},t1={x=17.6982,y=33.8655,z=0.0000}},{entity=-32,node0=-100061,node1=-100047,p0={x=-166.9947,y=-682.0264,z=5.0000},p1={x=-164.2775,y=-677.2834,z=5.0000},t0={x=2.5363,y=4.8531,z=0.0000},t1={x=2.8952,y=4.6295,z=0.0000}},{entity=-33,node0=-100047,node1=-100035,p0={x=-164.2775,y=-677.2834,z=5.0000},p1={x=-161.2852,y=-672.8761,z=5.0000},t0={x=2.8278,y=4.5217,z=0.0000},t1={x=3.1542,y=4.2898,z=0.0000}},{entity=-34,node0=-100035,node1=-100022,p0={x=-161.2852,y=-672.8761,z=5.0000},p1={x=-158.0436,y=-668.7908,z=5.0000},t0={x=3.0911,y=4.2040,z=0.0000},t1={x=3.3895,y=3.9637,z=0.0000}},{entity=-35,node0=-100022,node1=-100009,p0={x=-158.0436,y=-668.7908,z=5.0000},p1={x=-154.5724,y=-665.0165,z=5.0000},t0={x=3.3329,y=3.8975,z=0.0000},t1={x=3.6071,y=3.6485,z=0.0000}},{entity=-36,node0=-100009,node1=605,p0={x=-154.5724,y=-665.0165,z=5.0000},p1={x=-109.7075,y=-644.2792,z=5.0000},t0={x=34.6425,y=35.0398,z=0.0000},t1={x=52.9921,y=3.9976,z=0.0000}},{entity=-37,node0=712,node1=-100007,p0={x=-180.5202,y=-591.0642,z=5.0000},p1={x=-160.0547,y=-656.3836,z=5.0000},t0={x=5.2895,y=-70.1163,z=-0.0000},t1={x=34.7531,y=-59.0290,z=0.0000}},{entity=-38,node0=-100007,node1=-100008,p0={x=-160.0547,y=-656.3836,z=5.0000},p1={x=-157.3803,y=-660.7552,z=5.0000},t0={x=2.5983,y=-4.4133,z=0.0000},t1={x=2.7480,y=-4.3270,z=-0.0000}},{entity=-39,node0=-100008,node1=-100009,p0={x=-157.3803,y=-660.7552,z=5.0000},p1={x=-154.5724,y=-665.0165,z=5.0000},t0={x=2.7353,y=-4.3071,z=-0.0000},t1={x=2.8787,y=-4.2116,z=-0.0000}},{entity=-40,node0=-100009,node1=-100010,p0={x=-154.5724,y=-665.0165,z=5.0000},p1={x=-151.6333,y=-669.1639,z=5.0000},t0={x=2.8682,y=-4.1962,z=-0.0000},t1={x=3.0109,y=-4.0981,z=-0.0000}},{entity=-41,node0=-100010,node1=-100011,p0={x=-151.6333,y=-669.1639,z=5.0000},p1={x=-148.5660,y=-673.1943,z=5.0000},t0={x=2.9975,y=-4.0799,z=-0.0000},t1={x=3.1318,y=-3.9812,z=-0.0000}},{entity=-42,node0=-100011,node1=-100012,p0={x=-148.5660,y=-673.1943,z=5.0000},p1={x=-145.3789,y=-677.1108,z=5.0000},t0={x=3.1203,y=-3.9666,z=-0.0000},t1={x=3.2534,y=-3.8618,z=-0.0000}},{entity=-43,node0=-100012,node1=-100006,p0={x=-145.3789,y=-677.1108,z=5.0000},p1={x=-110.7096,y=-707.3840,z=5.0000},t0={x=29.4815,y=-34.9948,z=-0.0000},t1={x=39.5845,y=-25.0950,z=0.0000}},{entity=-44,node0=760,node1=-100020,p0={x=-185.5060,y=-591.4404,z=5.0000},p1={x=-163.6768,y=-660.0750,z=5.0000},t0={x=5.5694,y=-73.8268,z=-0.0000},t1={x=37.1616,y=-61.8939,z=-0.0000}},{entity=-45,node0=-100020,node1=-100021,p0={x=-163.6768,y=-660.0750,z=5.0000},p1={x=-160.9266,y=-664.4886,z=5.0000},t0={x=2.6764,y=-4.4577,z=-0.0000},t1={x=2.8220,y=-4.3669,z=0.0000}},{entity=-46,node0=-100021,node1=-100022,p0={x=-160.9266,y=-664.4886,z=5.0000},p1={x=-158.0436,y=-668.7908,z=5.0000},t0={x=2.8125,y=-4.3522,z=0.0000},t1={x=2.9547,y=-4.2548,z=-0.0000}},{entity=-47,node0=-100022,node1=-100023,p0={x=-158.0436,y=-668.7908,z=5.0000},p1={x=-155.0306,y=-672.9782,z=5.0000},t0={x=2.9423,y=-4.2369,z=-0.0000},t1={x=3.0838,y=-4.1366,z=-0.0000}},{entity=-48,node0=-100023,node1=-100024,p0={x=-155.0306,y=-672.9782,z=5.0000},p1={x=-151.8917,y=-677.0490,z=5.0000},t0={x=3.0719,y=-4.1206,z=-0.0000},t1={x=3.2021,y=-4.0207,z=0.0000}},{entity=-49,node0=-100024,node1=-100025,p0={x=-151.8917,y=-677.0490,z=5.0000},p1={x=-148.6333,y=-681.0044,z=5.0000},t0={x=3.1916,y=-4.0075,z=0.0000},t1={x=3.3246,y=-3.9014,z=-0.0000}},{entity=-50,node0=-100025,node1=-100019,p0={x=-148.6333,y=-681.0044,z=5.0000},p1={x=-113.3868,y=-711.6069,z=5.0000},t0={x=30.0952,y=-35.3170,z=-0.0000},t1={x=40.1318,y=-25.4420,z=0.0000}},{entity=-51,node0=6,node1=-100033,p0={x=-190.4919,y=-591.8165,z=5.0000},p1={x=-167.1092,y=-664.0553,z=5.0000},t0={x=5.8764,y=-77.8963,z=-0.0000},t1={x=39.9180,y=-64.9748,z=-0.0000}},{entity=-52,node0=-100033,node1=-100034,p0={x=-167.1092,y=-664.0553,z=5.0000},p1={x=-164.2645,y=-668.5214,z=5.0000},t0={x=2.7715,y=-4.5112,z=-0.0000},t1={x=2.9180,y=-4.4201,z=0.0000}},{entity=-53,node0=-100034,node1=-100035,p0={x=-164.2645,y=-668.5214,z=5.0000},p1={x=-161.2852,y=-672.8761,z=5.0000},t0={x=2.9086,y=-4.4059,z=0.0000},t1={x=3.0511,y=-4.3060,z=-0.0000}},{entity=-54,node0=-100035,node1=-100036,p0={x=-161.2852,y=-672.8761,z=5.0000},p1={x=-158.1735,y=-677.1166,z=5.0000},t0={x=3.0406,y=-4.2912,z=-0.0000},t1={x=3.1830,y=-4.1888,z=0.0000}},{entity=-55,node0=-100036,node1=-100037,p0={x=-158.1735,y=-677.1166,z=5.0000},p1={x=-154.9348,y=-681.2443,z=5.0000},t0={x=3.1740,y=-4.1770,z=0.0000},t1={x=3.3048,y=-4.0779,z=0.0000}},{entity=-56,node0=-100037,node1=-100038,p0={x=-154.9348,y=-681.2443,z=5.0000},p1={x=-151.5722,y=-685.2587,z=5.0000},t0={x=3.2978,y=-4.0692,z=0.0000},t1={x=3.4273,y=-3.9592,z=-0.0000}},{entity=-57,node0=-100038,node1=-100032,p0={x=-151.5722,y=-685.2587,z=5.0000},p1={x=-116.0639,y=-715.8298,z=5.0000},t0={x=30.5511,y=-35.2920,z=-0.0000},t1={x=40.3021,y=-25.5500,z=0.0000}},{entity=-58,node0=804,node1=-100039,p0={x=-195.4777,y=-592.1926,z=5.0000},p1={x=-173.5612,y=-663.0001,z=5.0000},t0={x=5.7252,y=-75.8923,z=-0.0000},t1={x=37.1402,y=-64.1060,z=0.0000}},{entity=-59,node0=-100039,node1=-100046,p0={x=-173.5612,y=-663.0001,z=5.0000},p1={x=-170.3356,y=-668.3337,z=5.0000},t0={x=3.1218,y=-5.3884,z=0.0000},t1={x=3.3249,y=-5.2736,z=-0.0000}},{entity=-60,node0=-100046,node1=-100048,p0={x=-170.3356,y=-668.3337,z=5.0000},p1={x=-167.3762,y=-672.8632,z=5.0000},t0={x=2.8838,y=-4.5739,z=-0.0000},t1={x=3.0330,y=-4.4802,z=-0.0000}},{entity=-61,node0=-100048,node1=-100047,p0={x=-167.3762,y=-672.8632,z=5.0000},p1={x=-164.2775,y=-677.2834,z=5.0000},t0={x=3.0272,y=-4.4716,z=-0.0000},t1={x=3.1724,y=-4.3731,z=-0.0000}},{entity=-62,node0=-100047,node1=-100049,p0={x=-164.2775,y=-677.2834,z=5.0000},p1={x=-161.0405,y=-681.5918,z=5.0000},t0={x=3.1644,y=-4.3621,z=-0.0000},t1={x=3.3062,y=-4.2579,z=-0.0000}},{entity=-63,node0=-100049,node1=-100050,p0={x=-161.0405,y=-681.5918,z=5.0000},p1={x=-157.6703,y=-685.7944,z=5.0000},t0={x=3.3039,y=-4.2549,z=-0.0000},t1={x=3.4396,y=-4.1490,z=-0.0000}},{entity=-64,node0=-100050,node1=-100051,p0={x=-157.6703,y=-685.7944,z=5.0000},p1={x=-154.1643,y=-689.8865,z=5.0000},t0={x=3.4379,y=-4.1469,z=-0.0000},t1={x=3.5738,y=-4.0367,z=-0.0000}},{entity=-65,node0=-100051,node1=-100045,p0={x=-154.1643,y=-689.8865,z=5.0000},p1={x=-118.7411,y=-720.0527,z=5.0000},t0={x=30.6680,y=-34.6403,z=-0.0000},t1={x=39.9649,y=-25.3362,z=0.0000}},{entity=-66,node0=457,node1=-100052,p0={x=-200.4635,y=-592.5687,z=5.0000},p1={x=-177.8875,y=-665.5067,z=5.0000},t0={x=5.8975,y=-78.1757,z=-0.0000},t1={x=38.2577,y=-66.0348,z=0.0000}},{entity=-67,node0=-100052,node1=-100059,p0={x=-177.8875,y=-665.5067,z=5.0000},p1={x=-173.3361,y=-672.9215,z=5.0000},t0={x=4.3574,y=-7.5211,z=0.0000},t1={x=4.7367,y=-7.2966,z=-0.0000}},{entity=-68,node0=-100059,node1=-100060,p0={x=-173.3361,y=-672.9215,z=5.0000},p1={x=-170.2391,y=-677.5266,z=5.0000},t0={x=3.0219,y=-4.6551,z=-0.0000},t1={x=3.1708,y=-4.5534,z=-0.0000}},{entity=-69,node0=-100060,node1=-100061,p0={x=-170.2391,y=-677.5266,z=5.0000},p1={x=-166.9947,y=-682.0264,z=5.0000},t0={x=3.1699,y=-4.5522,z=-0.0000},t1={x=3.3189,y=-4.4462,z=-0.0000}},{entity=-70,node0=-100061,node1=-100062,p0={x=-166.9947,y=-682.0264,z=5.0000},p1={x=-163.6027,y=-686.4220,z=5.0000},t0={x=3.3207,y=-4.4486,z=-0.0000},t1={x=3.4595,y=-4.3420,z=0.0000}},{entity=-71,node0=-100062,node1=-100063,p0={x=-163.6027,y=-686.4220,z=5.0000},p1={x=-160.0631,y=-690.7182,z=5.0000},t0={x=3.4677,y=-4.3523,z=0.0000},t1={x=3.6107,y=-4.2382,z=-0.0000}},{entity=-72,node0=-100063,node1=-100064,p0={x=-160.0631,y=-690.7182,z=5.0000},p1={x=-156.3694,y=-694.9132,z=5.0000},t0={x=3.6225,y=-4.2520,z=-0.0000},t1={x=3.7646,y=-4.1372,z=-0.0000}},{entity=-73,node0=-100064,node1=-100058,p0={x=-156.3694,y=-694.9132,z=5.0000},p1={x=-121.4182,y=-724.2756,z=5.0000},t0={x=30.5239,y=-33.5455,z=-0.0000},t1={x=39.1727,y=-24.8339,z=0.0000}}}
[2026-10-01 19:12:07Z - MESSAGE  - Main Thread      - Main           ]  [ptracks]   preview removes edge 405 edge 378 -> 1002 (-161.71, -665.39, 5.00) -> (-110.08, -639.29, 5.00) ::/infrastructure/track/simple/simple.street_template
[2026-10-01 19:12:07Z - MESSAGE  - Main Thread      - Main           ]  [ptracks]   preview removes edge 656 edge 987 -> 378 (-179.77, -720.35, 5.00) -> (-161.71, -665.39, 5.00) ::/infrastructure/track/simple/simple.street_template
[2026-10-01 19:12:07Z - MESSAGE  - Main Thread      - Main           ]  [ptracks]   preview removes edge 445 edge 288 -> 989 (-146.55, -678.43, 5.00) -> (-108.58, -659.24, 5.00) ::/infrastructure/track/simple/simple.street_template
[2026-10-01 19:12:07Z - MESSAGE  - Main Thread      - Main           ]  [ptracks]   preview removes edge 499 edge 474 -> 288 (-159.83, -718.85, 5.00) -> (-146.55, -678.43, 5.00) ::/infrastructure/track/simple/simple.street_template
[2026-10-01 19:12:07Z - MESSAGE  - Main Thread      - Main           ]  [ptracks]   preview removes edge 460 edge 887 -> 464 (-154.13, -671.91, 5.00) -> (-109.33, -649.27, 5.00) ::/infrastructure/track/simple/simple.street_template
[2026-10-01 19:12:07Z - MESSAGE  - Main Thread      - Main           ]  [ptracks]   preview removes edge 913 edge 930 -> 887 (-169.80, -719.60, 5.00) -> (-154.13, -671.91, 5.00) ::/infrastructure/track/simple/simple.street_template
[2026-10-01 19:12:07Z - MESSAGE  - Main Thread      - Main           ]  [ptracks]   preview removes edge 467 edge 888 -> 298 (-184.75, -720.73, 5.00) -> (-165.50, -662.13, 5.00) ::/infrastructure/track/simple/simple.street_template
[2026-10-01 19:12:07Z - MESSAGE  - Main Thread      - Main           ]  [ptracks]   preview removes edge 554 edge 298 -> 297 (-165.50, -662.13, 5.00) -> (-110.46, -634.31, 5.00) ::/infrastructure/track/simple/simple.street_template
[2026-10-01 19:12:07Z - MESSAGE  - Main Thread      - Main           ]  [ptracks]   preview removes edge 573 edge 799 -> 274 (-150.34, -675.17, 5.00) -> (-108.96, -654.25, 5.00) ::/infrastructure/track/simple/simple.street_template
[2026-10-01 19:12:07Z - MESSAGE  - Main Thread      - Main           ]  [ptracks]   preview removes edge 988 edge 957 -> 799 (-164.81, -719.22, 5.00) -> (-150.34, -675.17, 5.00) ::/infrastructure/track/simple/simple.street_template
[2026-10-01 19:12:07Z - MESSAGE  - Main Thread      - Main           ]  [ptracks]   preview removes edge 579 edge 569 -> 605 (-157.92, -668.65, 5.00) -> (-109.71, -644.28, 5.00) ::/infrastructure/track/simple/simple.street_template
[2026-10-01 19:12:07Z - MESSAGE  - Main Thread      - Main           ]  [ptracks]   preview removes edge 985 edge 981 -> 569 (-174.78, -719.97, 5.00) -> (-157.92, -668.65, 5.00) ::/infrastructure/track/simple/simple.street_template
[2026-10-01 19:12:07Z - MESSAGE  - Main Thread      - Main           ]  [ptracks]   preview removes node 378 node (-161.71, -665.39, 5.00)
[2026-10-01 19:12:07Z - MESSAGE  - Main Thread      - Main           ]  [ptracks]   preview removes node 288 node (-146.55, -678.43, 5.00)
[2026-10-01 19:12:07Z - MESSAGE  - Main Thread      - Main           ]  [ptracks]   preview removes node 887 node (-154.13, -671.91, 5.00)
[2026-10-01 19:12:07Z - MESSAGE  - Main Thread      - Main           ]  [ptracks]   preview removes node 298 node (-165.50, -662.13, 5.00)
[2026-10-01 19:12:07Z - MESSAGE  - Main Thread      - Main           ]  [ptracks]   preview removes node 799 node (-150.34, -675.17, 5.00)
[2026-10-01 19:12:07Z - MESSAGE  - Main Thread      - Main           ]  [ptracks]   preview removes node 569 node (-157.92, -668.65, 5.00)
[2026-10-01 19:12:08Z - MESSAGE  - Main Thread      - Main           ]  [ptracks] perf [tracks 6]: preview plan took 58 ms (7 drawn, 34 edges, 30 crossings; 58 ms: orient 0, offsets 1, crossings 18, merges 19, emit 17, check 3)
[2026-10-01 19:12:08Z - MESSAGE  - Main Thread      - Main           ]  [ptracks] preview planned: 7 drawn, 34 edges, 0 anchored, 30 crossings, 0 too shallow, 6 moved, 27 dropped, 0 problems
[2026-10-01 19:12:08Z - MESSAGE  - Main Thread      - Main           ]  [ptracks]   preview plan: {{entity=-1,node0=987,node1=-100059,p0={x=-179.7686,y=-720.3499,z=5.0000},p1={x=-169.2429,y=-675.8166,z=5.0000},t0={x=-3.6660,y=48.5966,z=0.0000},t1={x=23.3081,y=38.8307,z=0.0000}},{entity=-2,node0=-100059,node1=-100046,p0={x=-169.2429,y=-675.8166,z=5.0000},p1={x=-166.3353,y=-671.3378,z=5.0000},t0={x=2.7514,y=4.5838,z=0.0000},t1={x=3.0614,y=4.3711,z=0.0000}},{entity=-3,node0=-100046,node1=-100033,p0={x=-166.3353,y=-671.3378,z=5.0000},p1={x=-163.1871,y=-667.1569,z=5.0000},t0={x=3.0044,y=4.2897,z=0.0000},t1={x=3.2898,y=4.0694,z=0.0000}},{entity=-4,node0=-100033,node1=-100020,p0={x=-163.1871,y=-667.1569,z=5.0000},p1={x=-159.8166,y=-663.2648,z=5.0000},t0={x=3.2376,y=4.0050,z=0.0000},t1={x=3.5013,y=3.7769,z=0.0000}},{entity=-5,node0=-100020,node1=-100008,p0={x=-159.8166,y=-663.2648,z=5.0000},p1={x=-156.2381,y=-659.6547,z=5.0000},t0={x=3.4551,y=3.7271,z=0.0000},t1={x=3.6998,y=3.4909,z=0.0000}},{entity=-6,node0=-100008,node1=1002,p0={x=-156.2381,y=-659.6547,z=5.0000},p1={x=-110.0836,y=-639.2933,z=5.0000},t0={x=36.4783,y=34.4186,z=0.0000},t1={x=53.9071,y=4.0666,z=0.0000}},{entity=-7,node0=474,node1=-100063,p0={x=-159.8252,y=-718.8454,z=5.0000},p1={x=-155.2244,y=-692.1355,z=5.0000},t0={x=-2.1460,y=28.4475,z=0.0000},t1={x=10.8249,y=24.3644,z=0.0000}},{entity=-8,node0=-100063,node1=-100050,p0={x=-155.2244,y=-692.1355,z=5.0000},p1={x=-152.8479,y=-687.4074,z=5.0000},t0={x=2.1548,y=4.8499,z=0.0000},t1={x=2.5942,y=4.6014,z=0.0000}},{entity=-9,node0=-100050,node1=-100037,p0={x=-152.8479,y=-687.4074,z=5.0000},p1={x=-150.1092,y=-683.0357,z=5.0000},t0={x=2.5382,y=4.5020,z=0.0000},t1={x=2.9354,y=4.2370,z=0.0000}},{entity=-10,node0=-100037,node1=-100024,p0={x=-150.1092,y=-683.0357,z=5.0000},p1={x=-147.0370,y=-679.0048,z=5.0000},t0={x=2.8891,y=4.1701,z=0.0000},t1={x=3.2516,y=3.8874,z=0.0000}},{entity=-11,node0=-100024,node1=-100005,p0={x=-147.0370,y=-679.0048,z=5.0000},p1={x=-143.6500,y=-675.3060,z=5.0000},t0={x=3.2184,y=3.8478,z=0.0000},t1={x=3.5521,y=3.5458,z=0.0000}},{entity=-12,node0=-100005,node1=989,p0={x=-143.6500,y=-675.3060,z=5.0000},p1={x=-108.5791,y=-659.2366,z=5.0000},t0={x=27.2036,y=27.1553,z=0.0000},t1={x=41.3346,y=3.1182,z=0.0000}},{entity=-13,node0=930,node1=-100061,p0={x=-169.7969,y=-719.5976,z=5.0000},p1={x=-162.5003,y=-684.2234,z=5.0000},t0={x=-2.8779,y=38.1492,z=0.0000},t1={x=16.5657,y=31.5461,z=0.0000}},{entity=-14,node0=-100061,node1=-100048,p0={x=-162.5003,y=-684.2234,z=5.0000},p1={x=-159.8444,y=-679.6272,z=5.0000},t0={x=2.4725,y=4.7084,z=0.0000},t1={x=2.8361,y=4.4804,z=0.0000}},{entity=-15,node0=-100048,node1=-100035,p0={x=-159.8444,y=-679.6272,z=5.0000},p1={x=-156.8965,y=-675.3527,z=5.0000},t0={x=2.7804,y=4.3923,z=0.0000},t1={x=3.1126,y=4.1532,z=0.0000}},{entity=-16,node0=-100035,node1=-100022,p0={x=-156.8965,y=-675.3527,z=5.0000},p1={x=-153.6793,y=-671.3892,z=5.0000},t0={x=3.0632,y=4.0873,z=0.0000},t1={x=3.3686,y=3.8367,z=0.0000}},{entity=-17,node0=-100022,node1=-100010,p0={x=-153.6793,y=-671.3892,z=5.0000},p1={x=-150.2090,y=-667.7289,z=5.0000},t0={x=3.3278,y=3.7902,z=0.0000},t1={x=3.6102,y=3.5274,z=0.0000}},{entity=-18,node0=-100010,node1=464,p0={x=-150.2090,y=-667.7289,z=5.0000},p1={x=-109.3314,y=-649.2650,z=5.0000},t0={x=31.9391,y=31.2064,z=0.0000},t1={x=48.0112,y=3.6219,z=0.0000}},{entity=-19,node0=888,node1=-100058,p0={x=-184.7544,y=-720.7260,z=5.0000},p1={x=-172.4096,y=-671.4310,z=5.0000},t0={x=-4.0814,y=54.1031,z=0.0000},t1={x=27.0601,y=42.4969,z=0.0000}},{entity=-20,node0=-100058,node1=-100045,p0={x=-172.4096,y=-671.4310,z=5.0000},p1={x=-169.3827,y=-667.0077,z=5.0000},t0={x=2.8815,y=4.5253,z=0.0000},t1={x=3.1703,y=4.3188,z=0.0000}},{entity=-21,node0=-100045,node1=-100032,p0={x=-169.3827,y=-667.0077,z=5.0000},p1={x=-166.1353,y=-662.8721,z=5.0000},t0={x=3.1131,y=4.2410,z=0.0000},t1={x=3.3797,y=4.0281,z=0.0000}},{entity=-22,node0=-100032,node1=-100019,p0={x=-166.1353,y=-662.8721,z=5.0000},p1={x=-162.6847,y=-659.0163,z=5.0000},t0={x=3.3262,y=3.9644,z=0.0000},t1={x=3.5732,y=3.7450,z=0.0000}},{entity=-23,node0=-100019,node1=-100007,p0={x=-162.6847,y=-659.0163,z=5.0000},p1={x=-159.0446,y=-655.4343,z=5.0000},t0={x=3.5245,y=3.6940,z=0.0000},t1={x=3.7539,y=3.4680,z=0.0000}},{entity=-24,node0=-100007,node1=297,p0={x=-159.0446,y=-655.4343,z=5.0000},p1={x=-110.4597,y=-634.3075,z=5.0000},t0={x=38.6580,y=35.7137,z=0.0000},t1={x=56.5574,y=4.2666,z=0.0000}},{entity=-25,node0=957,node1=-100062,p0={x=-164.8111,y=-719.2215,z=5.0000},p1={x=-158.9286,y=-688.2419,z=5.0000},t0={x=-2.5049,y=33.2055,z=0.0000},t1={x=13.5702,y=27.9397,z=0.0000}},{entity=-26,node0=-100062,node1=-100049,p0={x=-158.9286,y=-688.2419,z=5.0000},p1={x=-156.4077,y=-683.5819,z=5.0000},t0={x=2.3201,y=4.7768,z=0.0000},t1={x=2.7181,y=4.5393,z=0.0000}},{entity=-27,node0=-100049,node1=-100036,p0={x=-156.4077,y=-683.5819,z=5.0000},p1={x=-153.5626,y=-679.2591,z=5.0000},t0={x=2.6625,y=4.4464,z=0.0000},t1={x=3.0245,y=4.1954,z=0.0000}},{entity=-28,node0=-100036,node1=-100023,p0={x=-153.5626,y=-679.2591,z=5.0000},p1={x=-150.4188,y=-675.2611,z=5.0000},t0={x=2.9764,y=4.1287,z=0.0000},t1={x=3.3080,y=3.8635,z=-0.0000}},{entity=-29,node0=-100023,node1=-100011,p0={x=-150.4188,y=-675.2611,z=5.0000},p1={x=-146.9938,y=-671.5798,z=5.0000},t0={x=3.2706,y=3.8198,z=-0.0000},t1={x=3.5764,y=3.5393,z=-0.0000}},{entity=-30,node0=-100011,node1=274,p0={x=-146.9938,y=-671.5798,z=5.0000},p1={x=-108.9553,y=-654.2509,z=5.0000},t0={x=29.5930,y=29.2859,z=-0.0000},t1={x=44.7693,y=3.3773,z=0.0000}},{entity=-31,node0=981,node1=-100060,p0={x=-174.7827,y=-719.9737,z=5.0000},p1={x=-165.9394,y=-680.0821,z=5.0000},t0={x=-3.2648,y=43.2780,z=0.0000},t1={x=19.8100,y=35.1777,z=0.0000}},{entity=-32,node0=-100060,node1=-100047,p0={x=-165.9394,y=-680.0821,z=5.0000},p1={x=-163.1551,y=-675.5456,z=5.0000},t0={x=2.6157,y=4.6449,z=0.0000},t1={x=2.9504,y=4.4251,z=0.0000}},{entity=-33,node0=-100047,node1=-100034,p0={x=-163.1551,y=-675.5456,z=5.0000},p1={x=-160.1059,y=-671.3177,z=5.0000},t0={x=2.8943,y=4.3409,z=0.0000},t1={x=3.2014,y=4.1119,z=0.0000}},{entity=-34,node0=-100034,node1=-100021,p0={x=-160.1059,y=-671.3177,z=5.0000},p1={x=-156.8127,y=-667.3891,z=5.0000},t0={x=3.1505,y=4.0465,z=0.0000},t1={x=3.4336,y=3.8081,z=0.0000}},{entity=-35,node0=-100021,node1=-100009,p0={x=-156.8127,y=-667.3891,z=5.0000},p1={x=-153.2907,y=-663.7525,z=5.0000},t0={x=3.3898,y=3.7594,z=0.0000},t1={x=3.6519,y=3.5111,z=0.0000}},{entity=-36,node0=-100009,node1=605,p0={x=-153.2907,y=-663.7525,z=5.0000},p1={x=-109.7075,y=-644.2792,z=5.0000},t0={x=34.2360,y=32.9153,z=0.0000},t1={x=51.0565,y=3.8516,z=0.0000}},{entity=-37,node0=712,node1=-100007,p0={x=-180.5202,y=-591.0642,z=5.0000},p1={x=-159.0446,y=-655.4343,z=5.0000},t0={x=5.2733,y=-69.9016,z=-0.0000},t1={x=36.5299,y=-57.1665,z=0.0000}},{entity=-38,node0=-100007,node1=-100008,p0={x=-159.0446,y=-655.4343,z=5.0000},p1={x=-156.2381,y=-659.6547,z=5.0000},t0={x=2.7294,y=-4.2713,z=0.0000},t1={x=2.8845,y=-4.1686,z=-0.0000}},{entity=-39,node0=-100008,node1=-100009,p0={x=-156.2381,y=-659.6547,z=5.0000},p1={x=-153.2907,y=-663.7525,z=5.0000},t0={x=2.8716,y=-4.1499,z=-0.0000},t1={x=3.0190,y=-4.0434,z=-0.0000}},{entity=-40,node0=-100009,node1=-100010,p0={x=-153.2907,y=-663.7525,z=5.0000},p1={x=-150.2090,y=-667.7289,z=5.0000},t0={x=3.0100,y=-4.0313,z=-0.0000},t1={x=3.1561,y=-3.9219,z=-0.0000}},{entity=-41,node0=-100010,node1=-100011,p0={x=-150.2090,y=-667.7289,z=5.0000},p1={x=-146.9938,y=-671.5798,z=5.0000},t0={x=3.1445,y=-3.9074,z=-0.0000},t1={x=3.2860,y=-3.7946,z=-0.0000}},{entity=-42,node0=-100011,node1=-100005,p0={x=-146.9938,y=-671.5798,z=5.0000},p1={x=-143.6500,y=-675.3060,z=5.0000},t0={x=3.2753,y=-3.7823,z=-0.0000},t1={x=3.4133,y=-3.6658,z=-0.0000}},{entity=-43,node0=-100005,node1=-100006,p0={x=-143.6500,y=-675.3060,z=5.0000},p1={x=-103.3183,y=-705.2746,z=5.0000},t0={x=34.0154,y=-36.5318,z=-0.0000},t1={x=46.1838,y=-22.7250,z=0.0000}},{entity=-44,node0=760,node1=-100019,p0={x=-185.5060,y=-591.4404,z=5.0000},p1={x=-162.6847,y=-659.0163,z=5.0000},t0={x=5.5464,y=-73.5213,z=-0.0000},t1={x=38.8946,y=-59.8991,z=0.0000}},{entity=-45,node0=-100019,node1=-100020,p0={x=-162.6847,y=-659.0163,z=5.0000},p1={x=-159.8166,y=-663.2648,z=5.0000},t0={x=2.7921,y=-4.2999,z=0.0000},t1={x=2.9456,y=-4.1977,z=-0.0000}},{entity=-46,node0=-100020,node1=-100021,p0={x=-159.8166,y=-663.2648,z=5.0000},p1={x=-156.8127,y=-667.3891,z=5.0000},t0={x=2.9304,y=-4.1760,z=-0.0000},t1={x=3.0740,y=-4.0706,z=0.0000}},{entity=-47,node0=-100021,node1=-100022,p0={x=-156.8127,y=-667.3891,z=5.0000},p1={x=-153.6793,y=-671.3892,z=5.0000},t0={x=3.0618,y=-4.0544,z=0.0000},t1={x=3.2046,y=-3.9438,z=-0.0000}},{entity=-48,node0=-100022,node1=-100023,p0={x=-153.6793,y=-671.3892,z=5.0000},p1={x=-150.4188,y=-675.2611,z=5.0000},t0={x=3.1918,y=-3.9281,z=-0.0000},t1={x=3.3280,y=-3.8152,z=-0.0000}},{entity=-49,node0=-100023,node1=-100024,p0={x=-150.4188,y=-675.2611,z=5.0000},p1={x=-147.0370,y=-679.0048,z=5.0000},t0={x=3.3145,y=-3.7998,z=-0.0000},t1={x=3.4488,y=-3.6833,z=-0.0000}},{entity=-50,node0=-100024,node1=-100018,p0={x=-147.0370,y=-679.0048,z=5.0000},p1={x=-105.5258,y=-709.7609,z=5.0000},t0={x=35.0742,y=-37.4586,z=-0.0000},t1={x=47.4776,y=-23.3616,z=0.0000}},{entity=-51,node0=6,node1=-100032,p0={x=-190.4919,y=-591.8165,z=5.0000},p1={x=-166.1353,y=-662.8721,z=5.0000},t0={x=5.8456,y=-77.4880,z=-0.0000},t1={x=41.6118,y=-62.8279,z=-0.0000}},{entity=-52,node0=-100032,node1=-100033,p0={x=-166.1353,y=-662.8721,z=5.0000},p1={x=-163.1871,y=-667.1569,z=5.0000},t0={x=2.8715,y=-4.3356,z=-0.0000},t1={x=3.0236,y=-4.2333,z=-0.0000}},{entity=-53,node0=-100033,node1=-100034,p0={x=-163.1871,y=-667.1569,z=5.0000},p1={x=-160.1059,y=-671.3177,z=5.0000},t0={x=3.0092,y=-4.2132,z=-0.0000},t1={x=3.1522,y=-4.1074,z=-0.0000}},{entity=-54,node0=-100034,node1=-100035,p0={x=-160.1059,y=-671.3177,z=5.0000},p1={x=-156.8965,y=-675.3527,z=5.0000},t0={x=3.1392,y=-4.0905,z=-0.0000},t1={x=3.2796,y=-3.9791,z=0.0000}},{entity=-55,node0=-100035,node1=-100036,p0={x=-156.8965,y=-675.3527,z=5.0000},p1={x=-153.5626,y=-679.2591,z=5.0000},t0={x=3.2654,y=-3.9619,z=0.0000},t1={x=3.4010,y=-3.8501,z=-0.0000}},{entity=-56,node0=-100036,node1=-100037,p0={x=-153.5626,y=-679.2591,z=5.0000},p1={x=-150.1092,y=-683.0357,z=5.0000},t0={x=3.3870,y=-3.8343,z=-0.0000},t1={x=3.5191,y=-3.7159,z=-0.0000}},{entity=-57,node0=-100037,node1=-100031,p0={x=-150.1092,y=-683.0357,z=5.0000},p1={x=-107.7333,y=-714.2472,z=5.0000},t0={x=35.9399,y=-37.9504,z=-0.0000},t1={x=48.3478,y=-23.7898,z=0.0000}},{entity=-58,node0=804,node1=-100038,p0={x=-195.4777,y=-592.1926,z=5.0000},p1={x=-172.1363,y=-662.7997,z=5.0000},t0={x=5.7763,y=-76.5690,z=-0.0000},t1={x=39.6521,y=-62.7941,z=0.0000}},{entity=-59,node0=-100038,node1=-100045,p0={x=-172.1363,y=-662.7997,z=5.0000},p1={x=-169.3827,y=-667.0077,z=5.0000},t0={x=2.6872,y=-4.2555,z=0.0000},t1={x=2.8243,y=-4.1655,z=-0.0000}},{entity=-60,node0=-100045,node1=-100046,p0={x=-169.3827,y=-667.0077,z=5.0000},p1={x=-166.3353,y=-671.3378,z=5.0000},t0={x=2.9709,y=-4.3817,z=-0.0000},t1={x=3.1224,y=-4.2785,z=-0.0000}},{entity=-61,node0=-100046,node1=-100047,p0={x=-166.3353,y=-671.3378,z=5.0000},p1={x=-163.1551,y=-675.5456,z=5.0000},t0={x=3.1097,y=-4.2612,z=-0.0000},t1={x=3.2512,y=-4.1527,z=0.0000}},{entity=-62,node0=-100047,node1=-100048,p0={x=-163.1551,y=-675.5456,z=5.0000},p1={x=-159.8444,y=-679.6272,z=5.0000},t0={x=3.2387,y=-4.1367,z=0.0000},t1={x=3.3807,y=-4.0254,z=0.0000}},{entity=-63,node0=-100048,node1=-100049,p0={x=-159.8444,y=-679.6272,z=5.0000},p1={x=-156.4077,y=-683.5819,z=5.0000},t0={x=3.3692,y=-4.0117,z=0.0000},t1={x=3.5038,y=-3.8966,z=-0.0000}},{entity=-64,node0=-100049,node1=-100050,p0={x=-156.4077,y=-683.5819,z=5.0000},p1={x=-152.8479,y=-687.4074,z=5.0000},t0={x=3.4937,y=-3.8853,z=-0.0000},t1={x=3.6257,y=-3.7648,z=-0.0000}},{entity=-65,node0=-100050,node1=-100044,p0={x=-152.8479,y=-687.4074,z=5.0000},p1={x=-109.9409,y=-718.7335,z=5.0000},t0={x=36.5910,y=-37.9944,z=-0.0000},t1={x=48.7773,y=-24.0011,z=0.0000}},{entity=-66,node0=457,node1=-100051,p0={x=-200.4635,y=-592.5687,z=5.0000},p1={x=-176.3640,y=-665.4693,z=5.0000},t0={x=5.9639,y=-79.0562,z=-0.0000},t1={x=40.9401,y=-64.8339,z=0.0000}},{entity=-67,node0=-100051,node1=-100058,p0={x=-176.3640,y=-665.4693,z=5.0000},p1={x=-172.4096,y=-671.4310,z=5.0000},t0={x=3.8223,y=-6.0531,z=0.0000},t1={x=4.0904,y=-5.8722,z=0.0000}},{entity=-68,node0=-100058,node1=-100059,p0={x=-172.4096,y=-671.4310,z=5.0000},p1={x=-169.2429,y=-675.8166,z=5.0000},t0={x=3.0921,y=-4.4391,z=0.0000},t1={x=3.2390,y=-4.3313,z=-0.0000}},{entity=-69,node0=-100059,node1=-100060,p0={x=-169.2429,y=-675.8166,z=5.0000},p1={x=-165.9394,y=-680.0821,z=5.0000},t0={x=3.2312,y=-4.3209,z=-0.0000},t1={x=3.3790,y=-4.2116,z=-0.0000}},{entity=-70,node0=-100060,node1=-100061,p0={x=-165.9394,y=-680.0821,z=5.0000},p1={x=-162.5003,y=-684.2234,z=5.0000},t0={x=3.3684,y=-4.1984,z=-0.0000},t1={x=3.5109,y=-4.0848,z=-0.0000}},{entity=-71,node0=-100061,node1=-100062,p0={x=-162.5003,y=-684.2234,z=5.0000},p1={x=-158.9286,y=-688.2419,z=5.0000},t0={x=3.5036,y=-4.0762,z=-0.0000},t1={x=3.6418,y=-3.9601,z=-0.0000}},{entity=-72,node0=-100062,node1=-100063,p0={x=-158.9286,y=-688.2419,z=5.0000},p1={x=-155.2244,y=-692.1355,z=5.0000},t0={x=3.6365,y=-3.9543,z=-0.0000},t1={x=3.7713,y=-3.8322,z=-0.0000}},{entity=-73,node0=-100063,node1=-100057,p0={x=-155.2244,y=-692.1355,z=5.0000},p1={x=-112.1484,y=-723.2198,z=5.0000},t0={x=37.0205,y=-37.6177,z=-0.0000},t1={x=48.7470,y=-23.9862,z=0.0000}}}
[2026-10-01 19:12:08Z - MESSAGE  - Main Thread      - Main           ]  [ptracks]   preview removes edge 405 edge 378 -> 1002 (-161.71, -665.39, 5.00) -> (-110.08, -639.29, 5.00) ::/infrastructure/track/simple/simple.street_template
[2026-10-01 19:12:08Z - MESSAGE  - Main Thread      - Main           ]  [ptracks]   preview removes edge 656 edge 987 -> 378 (-179.77, -720.35, 5.00) -> (-161.71, -665.39, 5.00) ::/infrastructure/track/simple/simple.street_template
[2026-10-01 19:12:08Z - MESSAGE  - Main Thread      - Main           ]  [ptracks]   preview removes edge 445 edge 288 -> 989 (-146.55, -678.43, 5.00) -> (-108.58, -659.24, 5.00) ::/infrastructure/track/simple/simple.street_template
[2026-10-01 19:12:08Z - MESSAGE  - Main Thread      - Main           ]  [ptracks]   preview removes edge 499 edge 474 -> 288 (-159.83, -718.85, 5.00) -> (-146.55, -678.43, 5.00) ::/infrastructure/track/simple/simple.street_template
[2026-10-01 19:12:08Z - MESSAGE  - Main Thread      - Main           ]  [ptracks]   preview removes edge 460 edge 887 -> 464 (-154.13, -671.91, 5.00) -> (-109.33, -649.27, 5.00) ::/infrastructure/track/simple/simple.street_template
[2026-10-01 19:12:08Z - MESSAGE  - Main Thread      - Main           ]  [ptracks]   preview removes edge 913 edge 930 -> 887 (-169.80, -719.60, 5.00) -> (-154.13, -671.91, 5.00) ::/infrastructure/track/simple/simple.street_template
[2026-10-01 19:12:08Z - MESSAGE  - Main Thread      - Main           ]  [ptracks]   preview removes edge 467 edge 888 -> 298 (-184.75, -720.73, 5.00) -> (-165.50, -662.13, 5.00) ::/infrastructure/track/simple/simple.street_template
[2026-10-01 19:12:08Z - MESSAGE  - Main Thread      - Main           ]  [ptracks]   preview removes edge 554 edge 298 -> 297 (-165.50, -662.13, 5.00) -> (-110.46, -634.31, 5.00) ::/infrastructure/track/simple/simple.street_template
[2026-10-01 19:12:08Z - MESSAGE  - Main Thread      - Main           ]  [ptracks]   preview removes edge 573 edge 799 -> 274 (-150.34, -675.17, 5.00) -> (-108.96, -654.25, 5.00) ::/infrastructure/track/simple/simple.street_template
[2026-10-01 19:12:08Z - MESSAGE  - Main Thread      - Main           ]  [ptracks]   preview removes edge 988 edge 957 -> 799 (-164.81, -719.22, 5.00) -> (-150.34, -675.17, 5.00) ::/infrastructure/track/simple/simple.street_template
[2026-10-01 19:12:08Z - MESSAGE  - Main Thread      - Main           ]  [ptracks]   preview removes edge 579 edge 569 -> 605 (-157.92, -668.65, 5.00) -> (-109.71, -644.28, 5.00) ::/infrastructure/track/simple/simple.street_template
[2026-10-01 19:12:08Z - MESSAGE  - Main Thread      - Main           ]  [ptracks]   preview removes edge 985 edge 981 -> 569 (-174.78, -719.97, 5.00) -> (-157.92, -668.65, 5.00) ::/infrastructure/track/simple/simple.street_template
[2026-10-01 19:12:08Z - MESSAGE  - Main Thread      - Main           ]  [ptracks]   preview removes node 378 node (-161.71, -665.39, 5.00)
[2026-10-01 19:12:08Z - MESSAGE  - Main Thread      - Main           ]  [ptracks]   preview removes node 288 node (-146.55, -678.43, 5.00)
[2026-10-01 19:12:08Z - MESSAGE  - Main Thread      - Main           ]  [ptracks]   preview removes node 887 node (-154.13, -671.91, 5.00)
[2026-10-01 19:12:08Z - MESSAGE  - Main Thread      - Main           ]  [ptracks]   preview removes node 298 node (-165.50, -662.13, 5.00)
[2026-10-01 19:12:08Z - MESSAGE  - Main Thread      - Main           ]  [ptracks]   preview removes node 799 node (-150.34, -675.17, 5.00)
[2026-10-01 19:12:08Z - MESSAGE  - Main Thread      - Main           ]  [ptracks]   preview removes node 569 node (-157.92, -668.65, 5.00)
[2026-10-01 19:12:09Z - MESSAGE  - Main Thread      - Main           ]  [ptracks] check: Parallel tracks would leave a piece too short to build
[2026-10-01 19:12:09Z - MESSAGE  - Main Thread      - Main           ]  [ptracks] perf [tracks 6]: preview plan took 57 ms (7 drawn, 34 edges, 29 crossings; 57 ms: orient 1, offsets 2, crossings 17, merges 12, emit 22, check 3)
[2026-10-01 19:12:09Z - MESSAGE  - Main Thread      - Main           ]  [ptracks] preview planned: 7 drawn, 34 edges, 1 anchored, 29 crossings, 0 too shallow, 2 moved, 18 dropped, 1 problems (a piece of 3.1 m next to a crossing or branch at (-159.59, -721.91, 5.00), the game needs 5 m)
[2026-10-01 19:12:09Z - MESSAGE  - Main Thread      - Main           ]  [ptracks] check: ok
[2026-10-01 19:12:10Z - MESSAGE  - Main Thread      - Main           ]  [ptracks] perf [tracks 6]: preview plan took 65 ms (7 drawn, 32 edges, 15 crossings; 64 ms: orient 0, offsets 1, crossings 11, merges 13, emit 36, check 3)
[2026-10-01 19:12:10Z - MESSAGE  - Main Thread      - Main           ]  [ptracks] preview planned: 7 drawn, 32 edges, 5 anchored, 15 crossings, 0 too shallow, 5 moved, 18 dropped, 0 problems
[2026-10-01 19:12:10Z - MESSAGE  - Main Thread      - Main           ]  [ptracks]   preview plan: {{entity=-1,node0=888,node1=-100049,p0={x=-184.7544,y=-720.7260,z=5.0000},p1={x=-183.5258,y=-699.3036,z=5.0000},t0={x=-1.6614,y=22.0236,z=0.0000},t1={x=4.0031,y=20.6869,z=0.0000}},{entity=-2,node0=-100049,node1=-100040,p0={x=-183.5258,y=-699.3036,z=5.0000},p1={x=-180.4378,y=-687.9224,z=5.0000},t0={x=2.2607,y=11.6827,z=0.0000},t1={x=3.8945,y=11.0554,z=0.0000}},{entity=-3,node0=-100040,node1=-100030,p0={x=-180.4378,y=-687.9224,z=5.0000},p1={x=-176.8999,y=-679.4577,z=5.0000},t0={x=3.0622,y=8.6928,z=0.0000},t1={x=4.0035,y=8.2249,z=0.0000}},{entity=-4,node0=-100030,node1=-100019,p0={x=-176.8999,y=-679.4577,z=5.0000},p1={x=-173.1038,y=-672.5409,z=5.0000},t0={x=3.4621,y=7.1125,z=0.0000},t1={x=4.1237,y=6.7135,z=0.0000}},{entity=-5,node0=-100019,node1=-100007,p0={x=-173.1038,y=-672.5409,z=5.0000},p1={x=-169.1225,y=-666.6553,z=5.0000},t0={x=3.7242,y=6.0632,z=0.0000},t1={x=4.2334,y=5.7023,z=0.0000}},{entity=-6,node0=-100007,node1=298,p0={x=-169.1225,y=-666.6553,z=5.0000},p1={x=-165.5049,y=-662.1298,z=5.0000},t0={x=3.4554,y=4.6544,z=0.0000},t1={x=3.7772,y=4.3936,z=0.0000}},{entity=-7,node0=927,node1=-100048,p0={x=-167.6211,y=-881.3774,z=5.0000},p1={x=-178.2689,y=-740.2298,z=5.0000},t0={x=-10.6477,y=141.1475,z=0.0000},t1={x=-10.6478,y=141.1476,z=0.0000}},{entity=-8,node0=-100048,node1=987,p0={x=-178.2689,y=-740.2298,z=5.0000},p1={x=-179.7686,y=-720.3499,z=5.0000},t0={x=-1.4997,y=19.8800,z=0.0000},t1={x=-1.4997,y=19.8800,z=0.0000}},{entity=-9,node0=995,node1=-100029,p0={x=-157.6495,y=-880.6251,z=5.0000},p1={x=-168.2972,y=-739.4776,z=5.0000},t0={x=-10.6477,y=141.1475,z=0.0000},t1={x=-10.6477,y=141.1476,z=0.0000}},{entity=-10,node0=-100029,node1=930,p0={x=-168.2972,y=-739.4776,z=5.0000},p1={x=-169.7969,y=-719.5976,z=5.0000},t0={x=-1.4997,y=19.8800,z=0.0000},t1={x=-1.4997,y=19.8800,z=0.0000}},{entity=-11,node0=987,node1=-100041,p0={x=-179.7686,y=-720.3499,z=5.0000},p1={x=-178.4422,y=-699.3850,z=5.0000},t0={x=-1.6284,y=21.5868,z=0.0000},t1={x=4.1577,y=20.1991,z=0.0000}},{entity=-12,node0=-100041,node1=-100031,p0={x=-178.4422,y=-699.3850,z=5.0000},p1={x=-175.2789,y=-688.3635,z=5.0000},t0={x=2.3327,y=11.3331,z=0.0000},t1={x=3.9721,y=10.6845,z=0.0000}},{entity=-13,node0=-100031,node1=-100020,p0={x=-175.2789,y=-688.3635,z=5.0000},p1={x=-171.6794,y=-680.1982,z=5.0000},t0={x=3.1235,y=8.4018,z=0.0000},t1={x=4.0649,y=7.9166,z=0.0000}},{entity=-14,node0=-100020,node1=-100008,p0={x=-171.6794,y=-680.1982,z=5.0000},p1={x=-167.8273,y=-673.5498,z=5.0000},t0={x=3.5183,y=6.8520,z=0.0000},t1={x=4.1790,y=6.4368,z=0.0000}},{entity=-15,node0=-100008,node1=378,p0={x=-167.8273,y=-673.5498,z=5.0000},p1={x=-161.7134,y=-665.3894,z=5.0000},t0={x=5.5629,y=8.5684,z=0.0000},t1={x=6.6486,y=7.7335,z=0.0000}},{entity=-16,node0=475,node1=-100039,p0={x=-162.6353,y=-881.0012,z=5.0000},p1={x=-173.2830,y=-739.8537,z=5.0000},t0={x=-10.6477,y=141.1474,z=0.0000},t1={x=-10.6477,y=141.1475,z=0.0000}},{entity=-17,node0=-100039,node1=981,p0={x=-173.2830,y=-739.8537,z=5.0000},p1={x=-174.7827,y=-719.9737,z=5.0000},t0={x=-1.4997,y=19.8800,z=0.0000},t1={x=-1.4997,y=19.8800,z=0.0000}},{entity=-18,node0=906,node1=-100006,p0={x=-147.6778,y=-879.8729,z=5.0000},p1={x=-158.3255,y=-738.7254,z=5.0000},t0={x=-10.6477,y=141.1475,z=0.0000},t1={x=-10.6478,y=141.1476,z=0.0000}},{entity=-19,node0=-100006,node1=474,p0={x=-158.3255,y=-738.7254,z=5.0000},p1={x=-159.8252,y=-718.8454,z=5.0000},t0={x=-1.4997,y=19.8800,z=0.0000},t1={x=-1.4997,y=19.8800,z=0.0000}},{entity=-20,node0=930,node1=-100022,p0={x=-169.7969,y=-719.5976,z=5.0000},p1={x=-168.2605,y=-699.6559,z=5.0000},t0={x=-1.5548,y=20.6103,z=0.0000},t1={x=4.4848,y=19.1070,z=0.0000}},{entity=-21,node0=-100022,node1=-100010,p0={x=-168.2605,y=-699.6559,z=5.0000},p1={x=-164.9380,y=-689.4034,z=5.0000},t0={x=2.4853,y=10.5881,z=0.0000},t1={x=4.1355,y=9.8887,z=0.0000}},{entity=-22,node0=-100010,node1=887,p0={x=-164.9380,y=-689.4034,z=5.0000},p1={x=-154.1305,y=-671.9085,z=5.0000},t0={x=8.0192,y=19.1753,z=0.0000},t1={x=13.4187,y=15.6084,z=0.0000}},{entity=-23,node0=265,node1=-100018,p0={x=-152.6637,y=-880.2490,z=5.0000},p1={x=-163.3114,y=-739.1015,z=5.0000},t0={x=-10.6477,y=141.1475,z=0.0000},t1={x=-10.6478,y=141.1476,z=0.0000}},{entity=-24,node0=-100018,node1=957,p0={x=-163.3114,y=-739.1015,z=5.0000},p1={x=-164.8111,y=-719.2215,z=5.0000},t0={x=-1.4997,y=19.8800,z=0.0000},t1={x=-1.4997,y=19.8800,z=0.0000}},{entity=-25,node0=981,node1=-100032,p0={x=-174.7827,y=-719.9737,z=5.0000},p1={x=-173.3539,y=-699.5012,z=5.0000},t0={x=-1.5930,y=21.1168,z=0.0000},t1={x=4.3181,y=19.6739,z=0.0000}},{entity=-26,node0=-100032,node1=-100021,p0={x=-173.3539,y=-699.5012,z=5.0000},p1={x=-170.1125,y=-688.8552,z=5.0000},t0={x=2.4075,y=10.9689,z=0.0000},t1={x=4.0523,y=10.2963,z=0.0000}},{entity=-27,node0=-100021,node1=-100009,p0={x=-170.1125,y=-688.8552,z=5.0000},p1={x=-166.4488,y=-681.0025,z=5.0000},t0={x=3.1874,y=8.0986,z=0.0000},t1={x=4.1288,y=7.5939,z=0.0000}},{entity=-28,node0=-100009,node1=569,p0={x=-166.4488,y=-681.0025,z=5.0000},p1={x=-157.9220,y=-668.6489,z=5.0000},t0={x=7.2042,y=13.2503,z=0.0000},t1={x=9.7901,y=11.3877,z=0.0000}},{entity=-29,node0=957,node1=-100011,p0={x=-164.8111,y=-719.2215,z=5.0000},p1={x=-163.1614,y=-699.8533,z=5.0000},t0={x=-1.5135,y=20.0632,z=0.0000},t1={x=4.6584,y=18.4936,z=0.0000}},{entity=-30,node0=-100011,node1=799,p0={x=-163.1614,y=-699.8533,z=5.0000},p1={x=-150.3390,y=-675.1681,z=5.0000},t0={x=6.9621,y=27.6389,z=0.0000},t1={x=18.1675,y=21.1322,z=0.0000}},{entity=-31,node0=712,node1=-100007,p0={x=-180.5202,y=-591.0642,z=5.0000},p1={x=-169.1225,y=-666.6553,z=5.0000},t0={x=5.7509,y=-76.2325,z=-0.0000},t1={x=14.1251,y=-75.1597,z=-0.0000}},{entity=-32,node0=-100007,node1=-100008,p0={x=-169.1225,y=-666.6553,z=5.0000},p1={x=-167.8273,y=-673.5498,z=5.0000},t0={x=1.2956,y=-6.8938,z=-0.0000},t1={x=1.2909,y=-6.8950,z=-0.0000}},{entity=-33,node0=-100008,node1=-100009,p0={x=-167.8273,y=-673.5498,z=5.0000},p1={x=-166.4488,y=-681.0025,z=5.0000},t0={x=1.3948,y=-7.4497,z=-0.0000},t1={x=1.3626,y=-7.4558,z=-0.0000}},{entity=-34,node0=-100009,node1=-100010,p0={x=-166.4488,y=-681.0025,z=5.0000},p1={x=-164.9380,y=-689.4034,z=5.0000},t0={x=1.5348,y=-8.3978,z=-0.0000},t1={x=1.4806,y=-8.4054,z=0.0000}},{entity=-35,node0=-100010,node1=-100011,p0={x=-164.9380,y=-689.4034,z=5.0000},p1={x=-163.1614,y=-699.8533,z=5.0000},t0={x=1.8391,y=-10.4405,z=0.0000},t1={x=1.7061,y=-10.4571,z=-0.0000}},{entity=-36,node0=-100011,node1=-100006,p0={x=-163.1614,y=-699.8533,z=5.0000},p1={x=-158.3255,y=-738.7254,z=5.0000},t0={x=6.3134,y=-38.6970,z=-0.0000},t1={x=2.9482,y=-39.0811,z=0.0000}},{entity=-37,node0=760,node1=-100012,p0={x=-185.5060,y=-591.4404,z=5.0000},p1={x=-174.8236,y=-663.3913,z=5.0000},t0={x=5.4720,y=-72.5362,z=-0.0000},t1={x=13.4693,y=-71.6348,z=0.0000}},{entity=-38,node0=-100012,node1=-100019,p0={x=-174.8236,y=-663.3913,z=5.0000},p1={x=-173.1038,y=-672.5409,z=5.0000},t0={x=1.7211,y=-9.1535,z=0.0000},t1={x=1.7171,y=-9.1496,z=0.0000}},{entity=-39,node0=-100019,node1=-100020,p0={x=-173.1038,y=-672.5409,z=5.0000},p1={x=-171.6794,y=-680.1982,z=5.0000},t0={x=1.4366,y=-7.6551,z=0.0000},t1={x=1.4074,y=-7.6612,z=-0.0000}},{entity=-40,node0=-100020,node1=-100021,p0={x=-171.6794,y=-680.1982,z=5.0000},p1={x=-170.1125,y=-688.8552,z=5.0000},t0={x=1.5897,y=-8.6535,z=-0.0000},t1={x=1.5377,y=-8.6609,z=-0.0000}},{entity=-41,node0=-100021,node1=-100022,p0={x=-170.1125,y=-688.8552,z=5.0000},p1={x=-168.2605,y=-699.6559,z=5.0000},t0={x=1.9155,y=-10.7890,z=-0.0000},t1={x=1.7790,y=-10.8076,z=-0.0000}},{entity=-42,node0=-100022,node1=-100018,p0={x=-168.2605,y=-699.6559,z=5.0000},p1={x=-163.3114,y=-739.1015,z=5.0000},t0={x=6.4623,y=-39.2591,z=-0.0000},t1={x=2.9918,y=-39.6602,z=0.0000}},{entity=-43,node0=6,node1=-100023,p0={x=-190.4919,y=-591.8165,z=5.0000},p1={x=-179.7375,y=-664.3152,z=5.0000},t0={x=5.5136,y=-73.0872,z=-0.0000},t1={x=13.5716,y=-72.1789,z=0.0000}},{entity=-44,node0=-100023,node1=-100024,p0={x=-179.7375,y=-664.3152,z=5.0000},p1={x=-178.5389,y=-670.6925,z=5.0000},t0={x=1.1996,y=-6.3800,z=0.0000},t1={x=1.1990,y=-6.3786,z=0.0000}},{entity=-45,node0=-100024,node1=-100030,p0={x=-178.5389,y=-670.6925,z=5.0000},p1={x=-176.8999,y=-679.4577,z=5.0000},t0={x=1.6472,y=-8.7633,z=0.0000},t1={x=1.6197,y=-8.7696,z=-0.0000}},{entity=-46,node0=-100030,node1=-100031,p0={x=-176.8999,y=-679.4577,z=5.0000},p1={x=-175.2789,y=-688.3635,z=5.0000},t0={x=1.6443,y=-8.9028,z=-0.0000},t1={x=1.5932,y=-8.9094,z=-0.0000}},{entity=-47,node0=-100031,node1=-100032,p0={x=-175.2789,y=-688.3635,z=5.0000},p1={x=-173.3539,y=-699.5012,z=5.0000},t0={x=1.9898,y=-11.1272,z=-0.0000},t1={x=1.8502,y=-11.1473,z=-0.0000}},{entity=-48,node0=-100032,node1=-100029,p0={x=-173.3539,y=-699.5012,z=5.0000},p1={x=-168.2972,y=-739.4776,z=5.0000},t0={x=6.5999,y=-39.7633,z=-0.0000},t1={x=3.0330,y=-40.2052,z=0.0000}},{entity=-49,node0=804,node1=-100033,p0={x=-195.4777,y=-592.1926,z=5.0000},p1={x=-184.6514,y=-665.2392,z=5.0000},t0={x=5.5552,y=-73.6380,z=-0.0000},t1={x=13.6739,y=-72.7229,z=0.0000}},{entity=-50,node0=-100033,node1=-100034,p0={x=-184.6514,y=-665.2392,z=5.0000},p1={x=-183.4528,y=-671.6161,z=5.0000},t0={x=1.1996,y=-6.3797,z=0.0000},t1={x=1.1989,y=-6.3783,z=0.0000}},{entity=-51,node0=-100034,node1=-100035,p0={x=-183.4528,y=-671.6161,z=5.0000},p1={x=-182.2008,y=-678.2940,z=5.0000},t0={x=1.2551,y=-6.6770,z=0.0000},t1={x=1.2425,y=-6.6785,z=0.0000}},{entity=-52,node0=-100035,node1=-100040,p0={x=-182.2008,y=-678.2940,z=5.0000},p1={x=-180.4378,y=-687.9224,z=5.0000},t0={x=1.7903,y=-9.6224,z=0.0000},t1={x=1.7336,y=-9.6325,z=0.0000}},{entity=-53,node0=-100040,node1=-100037,p0={x=-180.4378,y=-687.9224,z=5.0000},p1={x=-179.4567,y=-693.4532,z=5.0000},t0={x=0.9951,y=-5.5291,z=0.0000},t1={x=0.9656,y=-5.5333,z=-0.0000}},{entity=-54,node0=-100037,node1=-100041,p0={x=-179.4567,y=-693.4532,z=5.0000},p1={x=-178.4422,y=-699.3850,z=5.0000},t0={x=1.0351,y=-5.9311,z=-0.0000},t1={x=0.9926,y=-5.9338,z=0.0000}},{entity=-55,node0=-100041,node1=-100039,p0={x=-178.4422,y=-699.3850,z=5.0000},p1={x=-173.2830,y=-739.8537,z=5.0000},t0={x=6.7348,y=-40.2621,z=0.0000},t1={x=3.0699,y=-40.6953,z=0.0000}},{entity=-56,node0=457,node1=-100042,p0={x=-200.4635,y=-592.5687,z=5.0000},p1={x=-189.5653,y=-666.1631,z=5.0000},t0={x=5.5967,y=-74.1890,z=-0.0000},t1={x=13.7762,y=-73.2670,z=0.0000}},{entity=-57,node0=-100042,node1=-100043,p0={x=-189.5653,y=-666.1631,z=5.0000},p1={x=-188.3668,y=-672.5398,z=5.0000},t0={x=1.1995,y=-6.3794,z=0.0000},t1={x=1.1989,y=-6.3780,z=0.0000}},{entity=-58,node0=-100043,node1=-100044,p0={x=-188.3668,y=-672.5398,z=5.0000},p1={x=-187.1164,y=-679.2086,z=5.0000},t0={x=1.2534,y=-6.6679,z=0.0000},t1={x=1.2409,y=-6.6694,z=0.0000}},{entity=-59,node0=-100044,node1=-100045,p0={x=-187.1164,y=-679.2086,z=5.0000},p1={x=-185.8034,y=-686.3508,z=5.0000},t0={x=1.3282,y=-7.1387,z=0.0000},t1={x=1.2988,y=-7.1420,z=0.0000}},{entity=-60,node0=-100045,node1=-100046,p0={x=-185.8034,y=-686.3508,z=5.0000},p1={x=-184.3823,y=-694.3128,z=5.0000},t0={x=1.4476,y=-7.9600,z=0.0000},t1={x=1.3903,y=-7.9665,z=-0.0000}},{entity=-61,node0=-100046,node1=-100049,p0={x=-184.3823,y=-694.3128,z=5.0000},p1={x=-183.5258,y=-699.3036,z=5.0000},t0={x=0.8709,y=-4.9904,z=-0.0000},t1={x=0.8411,y=-4.9919,z=0.0000}},{entity=-62,node0=-100049,node1=-100048,p0={x=-183.5258,y=-699.3036,z=5.0000},p1={x=-178.2689,y=-740.2298,z=5.0000},t0={x=6.8597,y=-40.7112,z=0.0000},t1={x=3.1049,y=-41.1594,z=0.0000}}}
[2026-10-01 19:12:10Z - MESSAGE  - Main Thread      - Main           ]  [ptracks]   preview removes edge 467 edge 888 -> 298 (-184.75, -720.73, 5.00) -> (-165.50, -662.13, 5.00) ::/infrastructure/track/simple/simple.street_template
[2026-10-01 19:12:10Z - MESSAGE  - Main Thread      - Main           ]  [ptracks]   preview removes edge 477 edge 277 -> 987 (-173.69, -800.86, 5.00) -> (-179.77, -720.35, 5.00) ::/infrastructure/track/simple/simple.street_template
[2026-10-01 19:12:10Z - MESSAGE  - Main Thread      - Main           ]  [ptracks]   preview removes edge 638 edge 927 -> 277 (-167.62, -881.38, 5.00) -> (-173.69, -800.86, 5.00) ::/infrastructure/track/simple/simple.street_template
[2026-10-01 19:12:10Z - MESSAGE  - Main Thread      - Main           ]  [ptracks]   preview removes edge 639 edge 480 -> 930 (-163.72, -800.11, 5.00) -> (-169.80, -719.60, 5.00) ::/infrastructure/track/simple/simple.street_template
[2026-10-01 19:12:10Z - MESSAGE  - Main Thread      - Main           ]  [ptracks]   preview removes edge 703 edge 995 -> 480 (-157.65, -880.63, 5.00) -> (-163.72, -800.11, 5.00) ::/infrastructure/track/simple/simple.street_template
[2026-10-01 19:12:10Z - MESSAGE  - Main Thread      - Main           ]  [ptracks]   preview removes edge 656 edge 987 -> 378 (-179.77, -720.35, 5.00) -> (-161.71, -665.39, 5.00) ::/infrastructure/track/simple/simple.street_template
[2026-10-01 19:12:10Z - MESSAGE  - Main Thread      - Main           ]  [ptracks]   preview removes edge 777 edge 498 -> 981 (-168.71, -800.49, 5.00) -> (-174.78, -719.97, 5.00) ::/infrastructure/track/simple/simple.street_template
[2026-10-01 19:12:10Z - MESSAGE  - Main Thread      - Main           ]  [ptracks]   preview removes edge 908 edge 475 -> 498 (-162.64, -881.00, 5.00) -> (-168.71, -800.49, 5.00) ::/infrastructure/track/simple/simple.street_template
[2026-10-01 19:12:10Z - MESSAGE  - Main Thread      - Main           ]  [ptracks]   preview removes edge 884 edge 975 -> 474 (-153.75, -799.36, 5.00) -> (-159.83, -718.85, 5.00) ::/infrastructure/track/simple/simple.street_template
[2026-10-01 19:12:10Z - MESSAGE  - Main Thread      - Main           ]  [ptracks]   preview removes edge 953 edge 906 -> 975 (-147.68, -879.87, 5.00) -> (-153.75, -799.36, 5.00) ::/infrastructure/track/simple/simple.street_template
[2026-10-01 19:12:10Z - MESSAGE  - Main Thread      - Main           ]  [ptracks]   preview removes edge 913 edge 930 -> 887 (-169.80, -719.60, 5.00) -> (-154.13, -671.91, 5.00) ::/infrastructure/track/simple/simple.street_template
[2026-10-01 19:12:10Z - MESSAGE  - Main Thread      - Main           ]  [ptracks]   preview removes edge 959 edge 958 -> 957 (-158.74, -799.74, 5.00) -> (-164.81, -719.22, 5.00) ::/infrastructure/track/simple/simple.street_template
[2026-10-01 19:12:10Z - MESSAGE  - Main Thread      - Main           ]  [ptracks]   preview removes edge 388 edge 265 -> 958 (-152.66, -880.25, 5.00) -> (-158.74, -799.74, 5.00) ::/infrastructure/track/simple/simple.street_template
[2026-10-01 19:12:10Z - MESSAGE  - Main Thread      - Main           ]  [ptracks]   preview removes edge 985 edge 981 -> 569 (-174.78, -719.97, 5.00) -> (-157.92, -668.65, 5.00) ::/infrastructure/track/simple/simple.street_template
[2026-10-01 19:12:10Z - MESSAGE  - Main Thread      - Main           ]  [ptracks]   preview removes edge 988 edge 957 -> 799 (-164.81, -719.22, 5.00) -> (-150.34, -675.17, 5.00) ::/infrastructure/track/simple/simple.street_template
[2026-10-01 19:12:10Z - MESSAGE  - Main Thread      - Main           ]  [ptracks]   preview removes node 277 node (-173.69, -800.86, 5.00)
[2026-10-01 19:12:10Z - MESSAGE  - Main Thread      - Main           ]  [ptracks]   preview removes node 480 node (-163.72, -800.11, 5.00)
[2026-10-01 19:12:10Z - MESSAGE  - Main Thread      - Main           ]  [ptracks]   preview removes node 498 node (-168.71, -800.49, 5.00)
[2026-10-01 19:12:10Z - MESSAGE  - Main Thread      - Main           ]  [ptracks]   preview removes node 975 node (-153.75, -799.36, 5.00)
[2026-10-01 19:12:10Z - MESSAGE  - Main Thread      - Main           ]  [ptracks]   preview removes node 958 node (-158.74, -799.74, 5.00)
[2026-10-01 19:12:10Z - MESSAGE  - Main Thread      - Main           ]  [ptracks] preview verdict for the drag check: critical true, Construction Not Possible
[2026-10-01 19:12:10Z - MESSAGE  - Main Thread      - Main           ]  [ptracks] preview verdict: critical true, Construction Not Possible
[2026-10-01 19:12:10Z - MESSAGE  - Main Thread      - Main           ]  [ptracks]   judged plan: {{entity=-1,node0=888,node1=-100049,p0={x=-184.7544,y=-720.7260,z=5.0000},p1={x=-183.5258,y=-699.3036,z=5.0000},t0={x=-1.6614,y=22.0236,z=0.0000},t1={x=4.0031,y=20.6869,z=0.0000}},{entity=-2,node0=-100049,node1=-100040,p0={x=-183.5258,y=-699.3036,z=5.0000},p1={x=-180.4378,y=-687.9224,z=5.0000},t0={x=2.2607,y=11.6827,z=0.0000},t1={x=3.8945,y=11.0554,z=0.0000}},{entity=-3,node0=-100040,node1=-100030,p0={x=-180.4378,y=-687.9224,z=5.0000},p1={x=-176.8999,y=-679.4577,z=5.0000},t0={x=3.0622,y=8.6928,z=0.0000},t1={x=4.0035,y=8.2249,z=0.0000}},{entity=-4,node0=-100030,node1=-100019,p0={x=-176.8999,y=-679.4577,z=5.0000},p1={x=-173.1038,y=-672.5409,z=5.0000},t0={x=3.4621,y=7.1125,z=0.0000},t1={x=4.1237,y=6.7135,z=0.0000}},{entity=-5,node0=-100019,node1=-100007,p0={x=-173.1038,y=-672.5409,z=5.0000},p1={x=-169.1225,y=-666.6553,z=5.0000},t0={x=3.7242,y=6.0632,z=0.0000},t1={x=4.2334,y=5.7023,z=0.0000}},{entity=-6,node0=-100007,node1=298,p0={x=-169.1225,y=-666.6553,z=5.0000},p1={x=-165.5049,y=-662.1298,z=5.0000},t0={x=3.4554,y=4.6544,z=0.0000},t1={x=3.7772,y=4.3936,z=0.0000}},{entity=-7,node0=927,node1=-100048,p0={x=-167.6211,y=-881.3774,z=5.0000},p1={x=-178.2689,y=-740.2298,z=5.0000},t0={x=-10.6477,y=141.1475,z=0.0000},t1={x=-10.6478,y=141.1476,z=0.0000}},{entity=-8,node0=-100048,node1=987,p0={x=-178.2689,y=-740.2298,z=5.0000},p1={x=-179.7686,y=-720.3499,z=5.0000},t0={x=-1.4997,y=19.8800,z=0.0000},t1={x=-1.4997,y=19.8800,z=0.0000}},{entity=-9,node0=995,node1=-100029,p0={x=-157.6495,y=-880.6251,z=5.0000},p1={x=-168.2972,y=-739.4776,z=5.0000},t0={x=-10.6477,y=141.1475,z=0.0000},t1={x=-10.6477,y=141.1476,z=0.0000}},{entity=-10,node0=-100029,node1=930,p0={x=-168.2972,y=-739.4776,z=5.0000},p1={x=-169.7969,y=-719.5976,z=5.0000},t0={x=-1.4997,y=19.8800,z=0.0000},t1={x=-1.4997,y=19.8800,z=0.0000}},{entity=-11,node0=987,node1=-100041,p0={x=-179.7686,y=-720.3499,z=5.0000},p1={x=-178.4422,y=-699.3850,z=5.0000},t0={x=-1.6284,y=21.5868,z=0.0000},t1={x=4.1577,y=20.1991,z=0.0000}},{entity=-12,node0=-100041,node1=-100031,p0={x=-178.4422,y=-699.3850,z=5.0000},p1={x=-175.2789,y=-688.3635,z=5.0000},t0={x=2.3327,y=11.3331,z=0.0000},t1={x=3.9721,y=10.6845,z=0.0000}},{entity=-13,node0=-100031,node1=-100020,p0={x=-175.2789,y=-688.3635,z=5.0000},p1={x=-171.6794,y=-680.1982,z=5.0000},t0={x=3.1235,y=8.4018,z=0.0000},t1={x=4.0649,y=7.9166,z=0.0000}},{entity=-14,node0=-100020,node1=-100008,p0={x=-171.6794,y=-680.1982,z=5.0000},p1={x=-167.8273,y=-673.5498,z=5.0000},t0={x=3.5183,y=6.8520,z=0.0000},t1={x=4.1790,y=6.4368,z=0.0000}},{entity=-15,node0=-100008,node1=378,p0={x=-167.8273,y=-673.5498,z=5.0000},p1={x=-161.7134,y=-665.3894,z=5.0000},t0={x=5.5629,y=8.5684,z=0.0000},t1={x=6.6486,y=7.7335,z=0.0000}},{entity=-16,node0=475,node1=-100039,p0={x=-162.6353,y=-881.0012,z=5.0000},p1={x=-173.2830,y=-739.8537,z=5.0000},t0={x=-10.6477,y=141.1474,z=0.0000},t1={x=-10.6477,y=141.1475,z=0.0000}},{entity=-17,node0=-100039,node1=981,p0={x=-173.2830,y=-739.8537,z=5.0000},p1={x=-174.7827,y=-719.9737,z=5.0000},t0={x=-1.4997,y=19.8800,z=0.0000},t1={x=-1.4997,y=19.8800,z=0.0000}},{entity=-18,node0=906,node1=-100006,p0={x=-147.6778,y=-879.8729,z=5.0000},p1={x=-158.3255,y=-738.7254,z=5.0000},t0={x=-10.6477,y=141.1475,z=0.0000},t1={x=-10.6478,y=141.1476,z=0.0000}},{entity=-19,node0=-100006,node1=474,p0={x=-158.3255,y=-738.7254,z=5.0000},p1={x=-159.8252,y=-718.8454,z=5.0000},t0={x=-1.4997,y=19.8800,z=0.0000},t1={x=-1.4997,y=19.8800,z=0.0000}},{entity=-20,node0=930,node1=-100022,p0={x=-169.7969,y=-719.5976,z=5.0000},p1={x=-168.2605,y=-699.6559,z=5.0000},t0={x=-1.5548,y=20.6103,z=0.0000},t1={x=4.4848,y=19.1070,z=0.0000}},{entity=-21,node0=-100022,node1=-100010,p0={x=-168.2605,y=-699.6559,z=5.0000},p1={x=-164.9380,y=-689.4034,z=5.0000},t0={x=2.4853,y=10.5881,z=0.0000},t1={x=4.1355,y=9.8887,z=0.0000}},{entity=-22,node0=-100010,node1=887,p0={x=-164.9380,y=-689.4034,z=5.0000},p1={x=-154.1305,y=-671.9085,z=5.0000},t0={x=8.0192,y=19.1753,z=0.0000},t1={x=13.4187,y=15.6084,z=0.0000}},{entity=-23,node0=265,node1=-100018,p0={x=-152.6637,y=-880.2490,z=5.0000},p1={x=-163.3114,y=-739.1015,z=5.0000},t0={x=-10.6477,y=141.1475,z=0.0000},t1={x=-10.6478,y=141.1476,z=0.0000}},{entity=-24,node0=-100018,node1=957,p0={x=-163.3114,y=-739.1015,z=5.0000},p1={x=-164.8111,y=-719.2215,z=5.0000},t0={x=-1.4997,y=19.8800,z=0.0000},t1={x=-1.4997,y=19.8800,z=0.0000}},{entity=-25,node0=981,node1=-100032,p0={x=-174.7827,y=-719.9737,z=5.0000},p1={x=-173.3539,y=-699.5012,z=5.0000},t0={x=-1.5930,y=21.1168,z=0.0000},t1={x=4.3181,y=19.6739,z=0.0000}},{entity=-26,node0=-100032,node1=-100021,p0={x=-173.3539,y=-699.5012,z=5.0000},p1={x=-170.1125,y=-688.8552,z=5.0000},t0={x=2.4075,y=10.9689,z=0.0000},t1={x=4.0523,y=10.2963,z=0.0000}},{entity=-27,node0=-100021,node1=-100009,p0={x=-170.1125,y=-688.8552,z=5.0000},p1={x=-166.4488,y=-681.0025,z=5.0000},t0={x=3.1874,y=8.0986,z=0.0000},t1={x=4.1288,y=7.5939,z=0.0000}},{entity=-28,node0=-100009,node1=569,p0={x=-166.4488,y=-681.0025,z=5.0000},p1={x=-157.9220,y=-668.6489,z=5.0000},t0={x=7.2042,y=13.2503,z=0.0000},t1={x=9.7901,y=11.3877,z=0.0000}},{entity=-29,node0=957,node1=-100011,p0={x=-164.8111,y=-719.2215,z=5.0000},p1={x=-163.1614,y=-699.8533,z=5.0000},t0={x=-1.5135,y=20.0632,z=0.0000},t1={x=4.6584,y=18.4936,z=0.0000}},{entity=-30,node0=-100011,node1=799,p0={x=-163.1614,y=-699.8533,z=5.0000},p1={x=-150.3390,y=-675.1681,z=5.0000},t0={x=6.9621,y=27.6389,z=0.0000},t1={x=18.1675,y=21.1322,z=0.0000}},{entity=-31,node0=712,node1=-100007,p0={x=-180.5202,y=-591.0642,z=5.0000},p1={x=-169.1225,y=-666.6553,z=5.0000},t0={x=5.7509,y=-76.2325,z=-0.0000},t1={x=14.1251,y=-75.1597,z=-0.0000}},{entity=-32,node0=-100007,node1=-100008,p0={x=-169.1225,y=-666.6553,z=5.0000},p1={x=-167.8273,y=-673.5498,z=5.0000},t0={x=1.2956,y=-6.8938,z=-0.0000},t1={x=1.2909,y=-6.8950,z=-0.0000}},{entity=-33,node0=-100008,node1=-100009,p0={x=-167.8273,y=-673.5498,z=5.0000},p1={x=-166.4488,y=-681.0025,z=5.0000},t0={x=1.3948,y=-7.4497,z=-0.0000},t1={x=1.3626,y=-7.4558,z=-0.0000}},{entity=-34,node0=-100009,node1=-100010,p0={x=-166.4488,y=-681.0025,z=5.0000},p1={x=-164.9380,y=-689.4034,z=5.0000},t0={x=1.5348,y=-8.3978,z=-0.0000},t1={x=1.4806,y=-8.4054,z=0.0000}},{entity=-35,node0=-100010,node1=-100011,p0={x=-164.9380,y=-689.4034,z=5.0000},p1={x=-163.1614,y=-699.8533,z=5.0000},t0={x=1.8391,y=-10.4405,z=0.0000},t1={x=1.7061,y=-10.4571,z=-0.0000}},{entity=-36,node0=-100011,node1=-100006,p0={x=-163.1614,y=-699.8533,z=5.0000},p1={x=-158.3255,y=-738.7254,z=5.0000},t0={x=6.3134,y=-38.6970,z=-0.0000},t1={x=2.9482,y=-39.0811,z=0.0000}},{entity=-37,node0=760,node1=-100012,p0={x=-185.5060,y=-591.4404,z=5.0000},p1={x=-174.8236,y=-663.3913,z=5.0000},t0={x=5.4720,y=-72.5362,z=-0.0000},t1={x=13.4693,y=-71.6348,z=0.0000}},{entity=-38,node0=-100012,node1=-100019,p0={x=-174.8236,y=-663.3913,z=5.0000},p1={x=-173.1038,y=-672.5409,z=5.0000},t0={x=1.7211,y=-9.1535,z=0.0000},t1={x=1.7171,y=-9.1496,z=0.0000}},{entity=-39,node0=-100019,node1=-100020,p0={x=-173.1038,y=-672.5409,z=5.0000},p1={x=-171.6794,y=-680.1982,z=5.0000},t0={x=1.4366,y=-7.6551,z=0.0000},t1={x=1.4074,y=-7.6612,z=-0.0000}},{entity=-40,node0=-100020,node1=-100021,p0={x=-171.6794,y=-680.1982,z=5.0000},p1={x=-170.1125,y=-688.8552,z=5.0000},t0={x=1.5897,y=-8.6535,z=-0.0000},t1={x=1.5377,y=-8.6609,z=-0.0000}},{entity=-41,node0=-100021,node1=-100022,p0={x=-170.1125,y=-688.8552,z=5.0000},p1={x=-168.2605,y=-699.6559,z=5.0000},t0={x=1.9155,y=-10.7890,z=-0.0000},t1={x=1.7790,y=-10.8076,z=-0.0000}},{entity=-42,node0=-100022,node1=-100018,p0={x=-168.2605,y=-699.6559,z=5.0000},p1={x=-163.3114,y=-739.1015,z=5.0000},t0={x=6.4623,y=-39.2591,z=-0.0000},t1={x=2.9918,y=-39.6602,z=0.0000}},{entity=-43,node0=6,node1=-100023,p0={x=-190.4919,y=-591.8165,z=5.0000},p1={x=-179.7375,y=-664.3152,z=5.0000},t0={x=5.5136,y=-73.0872,z=-0.0000},t1={x=13.5716,y=-72.1789,z=0.0000}},{entity=-44,node0=-100023,node1=-100024,p0={x=-179.7375,y=-664.3152,z=5.0000},p1={x=-178.5389,y=-670.6925,z=5.0000},t0={x=1.1996,y=-6.3800,z=0.0000},t1={x=1.1990,y=-6.3786,z=0.0000}},{entity=-45,node0=-100024,node1=-100030,p0={x=-178.5389,y=-670.6925,z=5.0000},p1={x=-176.8999,y=-679.4577,z=5.0000},t0={x=1.6472,y=-8.7633,z=0.0000},t1={x=1.6197,y=-8.7696,z=-0.0000}},{entity=-46,node0=-100030,node1=-100031,p0={x=-176.8999,y=-679.4577,z=5.0000},p1={x=-175.2789,y=-688.3635,z=5.0000},t0={x=1.6443,y=-8.9028,z=-0.0000},t1={x=1.5932,y=-8.9094,z=-0.0000}},{entity=-47,node0=-100031,node1=-100032,p0={x=-175.2789,y=-688.3635,z=5.0000},p1={x=-173.3539,y=-699.5012,z=5.0000},t0={x=1.9898,y=-11.1272,z=-0.0000},t1={x=1.8502,y=-11.1473,z=-0.0000}},{entity=-48,node0=-100032,node1=-100029,p0={x=-173.3539,y=-699.5012,z=5.0000},p1={x=-168.2972,y=-739.4776,z=5.0000},t0={x=6.5999,y=-39.7633,z=-0.0000},t1={x=3.0330,y=-40.2052,z=0.0000}},{entity=-49,node0=804,node1=-100033,p0={x=-195.4777,y=-592.1926,z=5.0000},p1={x=-184.6514,y=-665.2392,z=5.0000},t0={x=5.5552,y=-73.6380,z=-0.0000},t1={x=13.6739,y=-72.7229,z=0.0000}},{entity=-50,node0=-100033,node1=-100034,p0={x=-184.6514,y=-665.2392,z=5.0000},p1={x=-183.4528,y=-671.6161,z=5.0000},t0={x=1.1996,y=-6.3797,z=0.0000},t1={x=1.1989,y=-6.3783,z=0.0000}},{entity=-51,node0=-100034,node1=-100035,p0={x=-183.4528,y=-671.6161,z=5.0000},p1={x=-182.2008,y=-678.2940,z=5.0000},t0={x=1.2551,y=-6.6770,z=0.0000},t1={x=1.2425,y=-6.6785,z=0.0000}},{entity=-52,node0=-100035,node1=-100040,p0={x=-182.2008,y=-678.2940,z=5.0000},p1={x=-180.4378,y=-687.9224,z=5.0000},t0={x=1.7903,y=-9.6224,z=0.0000},t1={x=1.7336,y=-9.6325,z=0.0000}},{entity=-53,node0=-100040,node1=-100037,p0={x=-180.4378,y=-687.9224,z=5.0000},p1={x=-179.4567,y=-693.4532,z=5.0000},t0={x=0.9951,y=-5.5291,z=0.0000},t1={x=0.9656,y=-5.5333,z=-0.0000}},{entity=-54,node0=-100037,node1=-100041,p0={x=-179.4567,y=-693.4532,z=5.0000},p1={x=-178.4422,y=-699.3850,z=5.0000},t0={x=1.0351,y=-5.9311,z=-0.0000},t1={x=0.9926,y=-5.9338,z=0.0000}},{entity=-55,node0=-100041,node1=-100039,p0={x=-178.4422,y=-699.3850,z=5.0000},p1={x=-173.2830,y=-739.8537,z=5.0000},t0={x=6.7348,y=-40.2621,z=0.0000},t1={x=3.0699,y=-40.6953,z=0.0000}},{entity=-56,node0=457,node1=-100042,p0={x=-200.4635,y=-592.5687,z=5.0000},p1={x=-189.5653,y=-666.1631,z=5.0000},t0={x=5.5967,y=-74.1890,z=-0.0000},t1={x=13.7762,y=-73.2670,z=0.0000}},{entity=-57,node0=-100042,node1=-100043,p0={x=-189.5653,y=-666.1631,z=5.0000},p1={x=-188.3668,y=-672.5398,z=5.0000},t0={x=1.1995,y=-6.3794,z=0.0000},t1={x=1.1989,y=-6.3780,z=0.0000}},{entity=-58,node0=-100043,node1=-100044,p0={x=-188.3668,y=-672.5398,z=5.0000},p1={x=-187.1164,y=-679.2086,z=5.0000},t0={x=1.2534,y=-6.6679,z=0.0000},t1={x=1.2409,y=-6.6694,z=0.0000}},{entity=-59,node0=-100044,node1=-100045,p0={x=-187.1164,y=-679.2086,z=5.0000},p1={x=-185.8034,y=-686.3508,z=5.0000},t0={x=1.3282,y=-7.1387,z=0.0000},t1={x=1.2988,y=-7.1420,z=0.0000}},{entity=-60,node0=-100045,node1=-100046,p0={x=-185.8034,y=-686.3508,z=5.0000},p1={x=-184.3823,y=-694.3128,z=5.0000},t0={x=1.4476,y=-7.9600,z=0.0000},t1={x=1.3903,y=-7.9665,z=-0.0000}},{entity=-61,node0=-100046,node1=-100049,p0={x=-184.3823,y=-694.3128,z=5.0000},p1={x=-183.5258,y=-699.3036,z=5.0000},t0={x=0.8709,y=-4.9904,z=-0.0000},t1={x=0.8411,y=-4.9919,z=0.0000}},{entity=-62,node0=-100049,node1=-100048,p0={x=-183.5258,y=-699.3036,z=5.0000},p1={x=-178.2689,y=-740.2298,z=5.0000},t0={x=6.8597,y=-40.7112,z=0.0000},t1={x=3.1049,y=-41.1594,z=0.0000}}}
[2026-10-01 19:12:10Z - MESSAGE  - Main Thread      - Main           ]  [ptracks] check: Parallel tracks would cross each other
[2026-10-01 19:12:10Z - MESSAGE  - Main Thread      - Main           ]  [ptracks] perf [tracks 6]: preview plan took 41 ms (7 drawn, 33 edges, 25 crossings; 41 ms: orient 0, offsets 2, crossings 9, merges 8, emit 19, check 3)
[2026-10-01 19:12:10Z - MESSAGE  - Main Thread      - Main           ]  [ptracks] preview planned: 7 drawn, 33 edges, 0 anchored, 25 crossings, 5 too shallow, 1 moved, 12 dropped, 12 problems (a parallel track would curve at 19.1 m radius, the type needs 40 m)
[2026-10-01 19:12:11Z - MESSAGE  - Main Thread      - Main           ]  [ptracks] perf [tracks 6]: preview plan took 33 ms (7 drawn, 33 edges, 25 crossings; 33 ms: orient 0, offsets 1, crossings 8, merges 9, emit 13, check 2)
[2026-10-01 19:12:11Z - MESSAGE  - Main Thread      - Main           ]  [ptracks] preview planned: 7 drawn, 33 edges, 0 anchored, 25 crossings, 5 too shallow, 2 moved, 12 dropped, 12 problems (a parallel track would curve at 19.6 m radius, the type needs 40 m)
[2026-10-01 19:12:12Z - MESSAGE  - Main Thread      - Main           ]  [ptracks] perf [tracks 6]: 100 tooltip calls, 16 preview changes (each a menu redraw), 2425 ms preview lua
[2026-10-01 19:12:13Z - MESSAGE  - Main Thread      - Main           ]  [ptracks] refused and held still: a parallel track would curve at 19.6 m radius, the type needs 40 m
[2026-10-01 19:12:13Z - MESSAGE  - Main Thread      - Main           ]  [ptracks]   note:  node 930 between crossed edges 639 and 913 kept: joining would stray 2.00 m, sliding 0.20 m
[2026-10-01 19:12:13Z - MESSAGE  - Main Thread      - Main           ]  [ptracks]   note:  cut 2.28 m from node 930, its other edge 913 cannot be rebuilt, not moved
[2026-10-01 19:12:13Z - MESSAGE  - Main Thread      - Main           ]  [ptracks]   note:  cut 2.97 m from node -100033, which has 0 edges, not moved
[2026-10-01 19:12:13Z - MESSAGE  - Main Thread      - Main           ]  [ptracks]   refused plan: {{entity=-1,node0=888,node1=-100043,p0={x=-184.7544,y=-720.7260,z=5.0000},p1={x=-182.9774,y=-696.7022,z=5.0000},t0={x=-1.8715,y=24.8082,z=0.0000},t1={x=5.2605,y=23.0476,z=0.0000}},{entity=-2,node0=-100043,node1=-100031,p0={x=-182.9774,y=-696.7022,z=5.0000},p1={x=-179.4292,y=-685.2158,z=5.0000},t0={x=2.6977,y=11.8194,z=0.0000},t1={x=4.3765,y=11.1274,z=0.0000}},{entity=-3,node0=-100031,node1=-100019,p0={x=-179.4292,y=-685.2158,z=5.0000},p1={x=-175.5157,y=-676.7455,z=5.0000},t0={x=3.4293,y=8.7191,z=0.0000},t1={x=4.3869,y=8.2092,z=0.0000}},{entity=-4,node0=-100019,node1=-100007,p0={x=-175.5157,y=-676.7455,z=5.0000},p1={x=-171.3950,y=-669.8772,z=5.0000},t0={x=3.7834,y=7.0798,z=0.0000},t1={x=4.4512,y=6.6488,z=0.0000}},{entity=-5,node0=-100007,node1=298,p0={x=-171.3950,y=-669.8772,z=5.0000},p1={x=-165.5049,y=-662.1298,z=5.0000},t0={x=5.4223,y=8.0993,z=0.0000},t1={x=6.3455,y=7.3810,z=0.0000}},{entity=-6,node0=277,node1=-100059,p0={x=-173.6948,y=-800.8636,z=5.0000},p1={x=-178.9969,y=-730.5789,z=5.0000},t0={x=-5.3021,y=70.2847,z=0.0000},t1={x=-5.3021,y=70.2847,z=0.0000}},{entity=-7,node0=-100059,node1=987,p0={x=-178.9969,y=-730.5789,z=5.0000},p1={x=-179.7686,y=-720.3499,z=5.0000},t0={x=-0.7716,y=10.2290,z=0.0000},t1={x=-0.7716,y=10.2290,z=0.0000}},{entity=-8,node0=-100058,node1=-100047,p0={x=-159.9671,y=-716.0339,z=5.0000},p1={x=-159.9853,y=-714.6049,z=5.0000},t0={x=-0.0365,y=1.4324,z=0.0000},t1={x=-0.0000,y=1.4254,z=0.0000}},{entity=-9,node0=-100047,node1=-100011,p0={x=-159.9853,y=-714.6049,z=5.0000},p1={x=-159.9756,y=-713.5602,z=5.0000},t0={x=-0.0000,y=1.0467,z=0.0000},t1={x=0.0195,y=1.0427,z=0.0000}},{entity=-10,node0=-100011,node1=-100035,p0={x=-159.9756,y=-713.5602,z=5.0000},p1={x=-159.9726,y=-713.4129,z=5.0000},t0={x=0.0028,y=0.1473,z=0.0000},t1={x=0.0031,y=0.1472,z=-0.0000}},{entity=-11,node0=-100035,node1=-100023,p0={x=-159.9726,y=-713.4129,z=5.0000},p1={x=-159.9526,y=-712.6924,z=5.0000},t0={x=0.0154,y=0.7216,z=-0.0000},t1={x=0.0247,y=0.7196,z=-0.0000}},{entity=-12,node0=-100023,node1=288,p0={x=-159.9526,y=-712.6924,z=5.0000},p1={x=-146.5475,y=-678.4276,z=5.0000},t0={x=1.3324,y=38.8942,z=-0.0000},t1={x=24.0566,y=27.9823,z=0.0000}},{entity=-13,node0=975,node1=-100060,p0={x=-153.7515,y=-799.3591,z=5.0000},p1={x=-159.6233,y=-721.5224,z=5.0000},t0={x=-5.8718,y=77.8367,z=0.0000},t1={x=-5.8718,y=77.8367,z=0.0000}},{entity=-14,node0=-100060,node1=-100058,p0={x=-159.6233,y=-721.5224,z=5.0000},p1={x=-159.9671,y=-716.0339,z=5.0000},t0={x=-0.4127,y=5.4710,z=0.0000},t1={x=-0.1394,y=5.4725,z=0.0000}},{entity=-15,node0=480,node1=-100034,p0={x=-163.7232,y=-800.1113,z=5.0000},p1={x=-169.2808,y=-726.4386,z=5.0000},t0={x=-5.5576,y=73.6727,z=0.0000},t1={x=-5.5577,y=73.6727,z=0.0000}},{entity=-16,node0=-100034,node1=-100046,p0={x=-169.2808,y=-726.4386,z=5.0000},p1={x=-169.5354,y=-723.0635,z=5.0000},t0={x=-0.2546,y=3.3751,z=0.0000},t1={x=-0.2546,y=3.3751,z=0.0000}},{entity=-17,node0=-100046,node1=-100057,p0={x=-169.5354,y=-723.0635,z=5.0000},p1={x=-169.6252,y=-721.8736,z=5.0000},t0={x=-0.0898,y=1.1899,z=0.0000},t1={x=-0.0898,y=1.1899,z=0.0000}},{entity=-18,node0=-100057,node1=930,p0={x=-169.6252,y=-721.8736,z=5.0000},p1={x=-169.7969,y=-719.5976,z=5.0000},t0={x=-0.1717,y=2.2760,z=0.0000},t1={x=-0.1717,y=2.2760,z=0.0000}},{entity=-19,node0=987,node1=-100032,p0={x=-179.7686,y=-720.3499,z=5.0000},p1={x=-177.9033,y=-696.9697,z=5.0000},t0={x=-1.8243,y=24.1824,z=0.0000},t1={x=5.3810,y=22.3759,z=0.0000}},{entity=-20,node0=-100032,node1=-100020,p0={x=-177.9033,y=-696.9697,z=5.0000},p1={x=-174.2993,y=-685.8660,z=5.0000},t0={x=2.7527,y=11.4464,z=0.0000},t1={x=4.4321,y=10.7340,z=0.0000}},{entity=-21,node0=-100020,node1=-100008,p0={x=-174.2993,y=-685.8660,z=5.0000},p1={x=-170.3421,y=-677.7093,z=5.0000},t0={x=3.4740,y=8.4135,z=0.0000},t1={x=4.4293,y=7.8869,z=0.0000}},{entity=-22,node0=-100008,node1=378,p0={x=-170.3421,y=-677.7093,z=5.0000},p1={x=-161.7134,y=-665.3894,z=5.0000},t0={x=7.3958,y=13.1690,z=0.0000},t1={x=9.8095,y=11.4102,z=0.0000}},{entity=-23,node0=498,node1=-100045,p0={x=-168.7090,y=-800.4874,z=5.0000},p1={x=-174.1060,y=-728.9449,z=5.0000},t0={x=-5.3969,y=71.5425,z=0.0000},t1={x=-5.3970,y=71.5425,z=0.0000}},{entity=-24,node0=-100045,node1=-100056,p0={x=-174.1060,y=-728.9449,z=5.0000},p1={x=-174.3619,y=-725.5518,z=5.0000},t0={x=-0.2560,y=3.3931,z=0.0000},t1={x=-0.2560,y=3.3931,z=0.0000}},{entity=-25,node0=-100056,node1=981,p0={x=-174.3619,y=-725.5518,z=5.0000},p1={x=-174.7827,y=-719.9737,z=5.0000},t0={x=-0.4208,y=5.5781,z=0.0000},t1={x=-0.4208,y=5.5781,z=0.0000}},{entity=-26,node0=930,node1=-100010,p0={x=-169.7969,y=-719.5976,z=5.0000},p1={x=-167.7439,y=-697.6056,z=5.0000},t0={x=-1.7226,y=22.8347,z=0.0000},t1={x=5.6343,y=20.9234,z=0.0000}},{entity=-27,node0=-100010,node1=887,p0={x=-167.7439,y=-697.6056,z=5.0000},p1={x=-154.1305,y=-671.9085,z=5.0000},t0={x=7.7338,y=28.7201,z=0.0000},t1={x=18.9909,y=22.0899,z=0.0000}},{entity=-28,node0=958,node1=-100022,p0={x=-158.7374,y=-799.7352,z=5.0000},p1={x=-164.5817,y=-722.2623,z=5.0000},t0={x=-5.8443,y=77.4730,z=0.0000},t1={x=-5.8443,y=77.4730,z=0.0000}},{entity=-29,node0=-100022,node1=-100033,p0={x=-164.5817,y=-722.2623,z=5.0000},p1={x=-164.8053,y=-719.2979,z=5.0000},t0={x=-0.2236,y=2.9644,z=0.0000},t1={x=-0.2236,y=2.9644,z=0.0000}},{entity=-30,node0=-100033,node1=-100055,p0={x=-164.8053,y=-719.2979,z=5.0000},p1={x=-164.8406,y=-718.8115,z=5.0000},t0={x=-0.0367,y=0.4868,z=0.0000},t1={x=-0.0329,y=0.4861,z=0.0000}},{entity=-31,node0=-100055,node1=-100044,p0={x=-164.8406,y=-718.8115,z=5.0000},p1={x=-164.8563,y=-718.5767,z=5.0000},t0={x=-0.0159,y=0.2349,z=0.0000},t1={x=-0.0150,y=0.2347,z=0.0000}},{entity=-32,node0=-100044,node1=799,p0={x=-164.8563,y=-718.5767,z=5.0000},p1={x=-150.3390,y=-675.1681,z=5.0000},t0={x=-3.1461,y=49.3277,z=0.0000},t1={x=29.9638,y=34.8534,z=0.0000}},{entity=-33,node0=981,node1=-100021,p0={x=-174.7827,y=-719.9737,z=5.0000},p1={x=-172.8257,y=-697.2697,z=5.0000},t0={x=-1.7747,y=23.5256,z=0.0000},t1={x=5.5055,y=21.6692,z=0.0000}},{entity=-34,node0=-100021,node1=-100009,p0={x=-172.8257,y=-697.2697,z=5.0000},p1={x=-169.1639,y=-686.5644,z=5.0000},t0={x=2.8097,y=11.0586,z=0.0000},t1={x=4.4894,y=10.3235,z=0.0000}},{entity=-35,node0=-100009,node1=569,p0={x=-169.1639,y=-686.5644,z=5.0000},p1={x=-157.9220,y=-668.6489,z=5.0000},t0={x=8.5171,y=19.5850,z=0.0000},t1={x=13.8005,y=16.0525,z=0.0000}},{entity=-36,node0=712,node1=-100000,p0={x=-180.5202,y=-591.0642,z=5.0000},p1={x=-172.0869,y=-664.7528,z=5.0000},t0={x=5.5794,y=-73.9594,z=-0.0000},t1={x=9.9352,y=-73.5444,z=0.0000}},{entity=-37,node0=-100000,node1=-100007,p0={x=-172.0869,y=-664.7528,z=5.0000},p1={x=-171.3950,y=-669.8772,z=5.0000},t0={x=0.6926,y=-5.1267,z=0.0000},t1={x=0.6916,y=-5.1242,z=-0.0000}},{entity=-38,node0=-100007,node1=-100008,p0={x=-171.3950,y=-669.8772,z=5.0000},p1={x=-170.3421,y=-677.7093,z=5.0000},t0={x=1.0569,y=-7.8308,z=-0.0000},t1={x=1.0479,y=-7.8338,z=-0.0000}},{entity=-39,node0=-100008,node1=-100009,p0={x=-170.3421,y=-677.7093,z=5.0000},p1={x=-169.1639,y=-686.5644,z=5.0000},t0={x=1.1845,y=-8.8550,z=-0.0000},t1={x=1.1651,y=-8.8562,z=-0.0000}},{entity=-40,node0=-100009,node1=-100010,p0={x=-169.1639,y=-686.5644,z=5.0000},p1={x=-167.7439,y=-697.6056,z=5.0000},t0={x=1.4519,y=-11.0366,z=-0.0000},t1={x=1.3868,y=-11.0463,z=-0.0000}},{entity=-41,node0=-100010,node1=-100005,p0={x=-167.7439,y=-697.6056,z=5.0000},p1={x=-163.0114,y=-743.0775,z=5.0000},t0={x=5.6965,y=-45.3758,z=-0.0000},t1={x=3.4394,y=-45.5924,z=0.0000}},{entity=-42,node0=-100005,node1=-100011,p0={x=-163.0114,y=-743.0775,z=5.0000},p1={x=-159.9756,y=-713.5602,z=5.0000},t0={x=-2.2720,y=30.1184,z=0.0000},t1={x=8.1844,y=28.4797,z=0.0000}},{entity=-43,node0=-100011,node1=-100006,p0={x=-159.9756,y=-713.5602,z=5.0000},p1={x=-142.7561,y=-681.6872,z=5.0000},t0={x=10.0258,y=34.8872,z=0.0000},t1={x=24.1203,y=28.0564,z=0.0000}},{entity=-44,node0=760,node1=-100012,p0={x=-185.5060,y=-591.4404,z=5.0000},p1={x=-177.0419,y=-665.4222,z=5.0000},t0={x=5.6016,y=-74.2534,z=-0.0000},t1={x=9.9747,y=-73.8367,z=0.0000}},{entity=-45,node0=-100012,node1=-100019,p0={x=-177.0419,y=-665.4222,z=5.0000},p1={x=-175.5157,y=-676.7455,z=5.0000},t0={x=1.5303,y=-11.3277,z=0.0000},t1={x=1.5174,y=-11.3261,z=-0.0000}},{entity=-46,node0=-100019,node1=-100020,p0={x=-175.5157,y=-676.7455,z=5.0000},p1={x=-174.2993,y=-685.8660,z=5.0000},t0={x=1.2220,y=-9.1209,z=-0.0000},t1={x=1.2051,y=-9.1217,z=0.0000}},{entity=-47,node0=-100020,node1=-100021,p0={x=-174.2993,y=-685.8660,z=5.0000},p1={x=-172.8257,y=-697.2697,z=5.0000},t0={x=1.5059,y=-11.3994,z=0.0000},t1={x=1.4386,y=-11.4059,z=-0.0000}},{entity=-48,node0=-100021,node1=-100017,p0={x=-172.8257,y=-697.2697,z=5.0000},p1={x=-167.9973,y=-743.4536,z=5.0000},t0={x=5.8123,y=-46.0835,z=-0.0000},t1={x=3.4933,y=-46.3078,z=0.0000}},{entity=-49,node0=-100017,node1=-100022,p0={x=-167.9973,y=-743.4536,z=5.0000},p1={x=-164.5817,y=-722.2623,z=5.0000},t0={x=-1.6863,y=22.3531,z=0.0000},t1={x=7.8370,y=20.1079,z=0.0000}},{entity=-50,node0=-100022,node1=-100023,p0={x=-164.5817,y=-722.2623,z=5.0000},p1={x=-159.9526,y=-712.6924,z=5.0000},t0={x=3.8193,y=9.7995,z=0.0000},t1={x=5.3600,y=9.3494,z=0.0000}},{entity=-51,node0=-100023,node1=-100018,p0={x=-159.9526,y=-712.6924,z=5.0000},p1={x=-138.9646,y=-684.9467,z=5.0000},t0={x=16.9549,y=29.5741,z=0.0000},t1={x=22.5282,y=26.2045,z=0.0000}},{entity=-52,node0=6,node1=-100024,p0={x=-190.4919,y=-591.8165,z=5.0000},p1={x=-181.9969,y=-666.0916,z=5.0000},t0={x=5.6238,y=-74.5474,z=-0.0000},t1={x=10.0142,y=-74.1291,z=0.0000}},{entity=-53,node0=-100024,node1=-100025,p0={x=-181.9969,y=-666.0916,z=5.0000},p1={x=-181.0472,y=-673.1259,z=5.0000},t0={x=0.9507,y=-7.0373,z=0.0000},t1={x=0.9497,y=-7.0371,z=0.0000}},{entity=-54,node0=-100025,node1=-100031,p0={x=-181.0472,y=-673.1259,z=5.0000},p1={x=-179.4292,y=-685.2158,z=5.0000},t0={x=1.6308,y=-12.0841,z=0.0000},t1={x=1.6050,y=-12.0905,z=-0.0000}},{entity=-55,node0=-100031,node1=-100032,p0={x=-179.4292,y=-685.2158,z=5.0000},p1={x=-177.9033,y=-696.9697,z=5.0000},t0={x=1.5597,y=-11.7489,z=-0.0000},t1={x=1.4893,y=-11.7577,z=-0.0000}},{entity=-56,node0=-100032,node1=-100029,p0={x=-177.9033,y=-696.9697,z=5.0000},p1={x=-172.9831,y=-743.8297,z=5.0000},t0={x=5.9222,y=-46.7554,z=-0.0000},t1={x=3.5446,y=-46.9871,z=0.0000}},{entity=-57,node0=-100029,node1=-100034,p0={x=-172.9831,y=-743.8297,z=5.0000},p1={x=-169.2808,y=-726.4386,z=5.0000},t0={x=-1.4386,y=19.0704,z=0.0000},t1={x=8.1208,y=15.9469,z=0.0000}},{entity=-58,node0=-100034,node1=-100033,p0={x=-169.2808,y=-726.4386,z=5.0000},p1={x=-164.8053,y=-719.2979,z=5.0000},t0={x=3.7562,y=7.3761,z=0.0000},t1={x=5.1233,y=6.9286,z=0.0000}},{entity=-59,node0=-100033,node1=-100035,p0={x=-164.8053,y=-719.2979,z=5.0000},p1={x=-159.9726,y=-713.4129,z=5.0000},t0={x=4.4455,y=6.0119,z=0.0000},t1={x=5.1732,y=5.7732,z=0.0000}},{entity=-60,node0=-100035,node1=-100030,p0={x=-159.9726,y=-713.4129,z=5.0000},p1={x=-135.1731,y=-688.2063,z=5.0000},t0={x=23.0990,y=25.7782,z=0.0000},t1={x=22.3426,y=25.9886,z=0.0000}},{entity=-61,node0=804,node1=-100036,p0={x=-195.4777,y=-592.1926,z=5.0000},p1={x=-186.9518,y=-666.7609,z=5.0000},t0={x=5.6459,y=-74.8414,z=-0.0000},t1={x=10.0537,y=-74.4215,z=0.0000}},{entity=-62,node0=-100036,node1=-100037,p0={x=-186.9518,y=-666.7609,z=5.0000},p1={x=-186.0023,y=-673.7947,z=5.0000},t0={x=0.9506,y=-7.0366,z=0.0000},t1={x=0.9496,y=-7.0364,z=0.0000}},{entity=-63,node0=-100037,node1=-100038,p0={x=-186.0023,y=-673.7947,z=5.0000},p1={x=-184.9843,y=-681.3835,z=5.0000},t0={x=1.0237,y=-7.5854,z=0.0000},t1={x=1.0139,y=-7.5864,z=0.0000}},{entity=-64,node0=-100038,node1=-100039,p0={x=-184.9843,y=-681.3835,z=5.0000},p1={x=-183.8537,y=-689.9094,z=5.0000},t0={x=1.1396,y=-8.5265,z=0.0000},t1={x=1.1149,y=-8.5288,z=0.0000}},{entity=-65,node0=-100039,node1=-100043,p0={x=-183.8537,y=-689.9094,z=5.0000},p1={x=-182.9774,y=-696.7022,z=5.0000},t0={x=0.8880,y=-6.7931,z=0.0000},t1={x=0.8640,y=-6.7935,z=-0.0000}},{entity=-66,node0=-100043,node1=-100041,p0={x=-182.9774,y=-696.7022,z=5.0000},p1={x=-177.9689,y=-744.2058,z=5.0000},t0={x=6.0274,y=-47.3952,z=-0.0000},t1={x=3.5934,y=-47.6340,z=0.0000}},{entity=-67,node0=-100041,node1=-100045,p0={x=-177.9689,y=-744.2058,z=5.0000},p1={x=-174.1060,y=-728.9449,z=5.0000},t0={x=-1.3130,y=17.4057,z=0.0000},t1={x=8.3463,y=13.4277,z=0.0000}},{entity=-68,node0=-100045,node1=-100046,p0={x=-174.1060,y=-728.9449,z=5.0000},p1={x=-169.5354,y=-723.0635,z=5.0000},t0={x=3.8368,y=6.1727,z=0.0000},t1={x=5.2370,y=5.6204,z=0.0000}},{entity=-69,node0=-100046,node1=-100044,p0={x=-169.5354,y=-723.0635,z=5.0000},p1={x=-164.8563,y=-718.5767,z=5.0000},t0={x=4.3107,y=4.6263,z=0.0000},t1={x=5.0100,y=4.3643,z=0.0000}},{entity=-70,node0=-100044,node1=-100047,p0={x=-164.8563,y=-718.5767,z=5.0000},p1={x=-159.9853,y=-714.6049,z=5.0000},t0={x=4.6484,y=4.0493,z=0.0000},t1={x=5.0636,y=3.9078,z=0.0000}},{entity=-71,node0=-100047,node1=-100042,p0={x=-159.9853,y=-714.6049,z=5.0000},p1={x=-131.3816,y=-691.4659,z=5.0000},t0={x=28.8722,y=22.2817,z=0.0000},t1={x=22.7789,y=26.4961,z=0.0000}},{entity=-72,node0=457,node1=-100048,p0={x=-200.4635,y=-592.5687,z=5.0000},p1={x=-191.9068,y=-667.4303,z=5.0000},t0={x=5.6681,y=-75.1354,z=-0.0000},t1={x=10.0932,y=-74.7139,z=0.0000}},{entity=-73,node0=-100048,node1=-100049,p0={x=-191.9068,y=-667.4303,z=5.0000},p1={x=-190.9574,y=-674.4634,z=5.0000},t0={x=0.9505,y=-7.0360,z=0.0000},t1={x=0.9495,y=-7.0358,z=0.0000}},{entity=-74,node0=-100049,node1=-100050,p0={x=-190.9574,y=-674.4634,z=5.0000},p1={x=-189.9403,y=-682.0458,z=5.0000},t0={x=1.0229,y=-7.5791,z=0.0000},t1={x=1.0131,y=-7.5800,z=0.0000}},{entity=-75,node0=-100050,node1=-100051,p0={x=-189.9403,y=-682.0458,z=5.0000},p1={x=-188.8115,y=-690.5575,z=5.0000},t0={x=1.1377,y=-8.5123,z=0.0000},t1={x=1.1131,y=-8.5146,z=0.0000}},{entity=-76,node0=-100051,node1=-100052,p0={x=-188.8115,y=-690.5575,z=5.0000},p1={x=-187.4648,y=-701.0816,z=5.0000},t0={x=1.3757,y=-10.5233,z=0.0000},t1={x=1.3157,y=-10.5291,z=-0.0000}},{entity=-77,node0=-100052,node1=-100053,p0={x=-187.4648,y=-701.0816,z=5.0000},p1={x=-182.9548,y=-744.5819,z=5.0000},t0={x=5.4247,y=-43.4109,z=-0.0000},t1={x=3.2901,y=-43.6143,z=0.0000}},{entity=-78,node0=-100053,node1=-100059,p0={x=-182.9548,y=-744.5819,z=5.0000},p1={x=-178.9969,y=-730.5789,z=5.0000},t0={x=-1.2504,y=16.5754,z=0.0000},t1={x=8.5131,y=11.7891,z=0.0000}},{entity=-79,node0=-100059,node1=-100056,p0={x=-178.9969,y=-730.5789,z=5.0000},p1={x=-174.3619,y=-725.5518,z=5.0000},t0={x=3.8845,y=5.3794,z=0.0000},t1={x=5.3234,y=4.7088,z=0.0000}},{entity=-80,node0=-100056,node1=-100057,p0={x=-174.3619,y=-725.5518,z=5.0000},p1={x=-169.6252,y=-721.8736,z=5.0000},t0={x=4.3520,y=3.8496,z=0.0000},t1={x=5.0876,y=3.5255,z=0.0000}},{entity=-81,node0=-100057,node1=-100055,p0={x=-169.6252,y=-721.8736,z=5.0000},p1={x=-164.8406,y=-718.8115,z=5.0000},t0={x=4.5549,y=3.1563,z=0.0000},t1={x=4.9899,y=2.9813,z=0.0000}},{entity=-82,node0=-100055,node1=-100058,p0={x=-164.8406,y=-718.8115,z=5.0000},p1={x=-159.9671,y=-716.0339,z=5.0000},t0={x=4.7315,y=2.8269,z=0.0000},t1={x=4.9948,y=2.7397,z=0.0000}},{entity=-83,node0=-100058,node1=-100054,p0={x=-159.9671,y=-716.0339,z=5.0000},p1={x=-127.5902,y=-694.7254,z=5.0000},t0={x=34.3753,y=18.8551,z=0.0000},t1={x=23.6177,y=27.4718,z=0.0000}}}
[2026-10-01 19:12:16Z - MESSAGE  - Main Thread      - Main           ]  [ptracks] perf [tracks 6]: 100 tooltip calls, 0 preview changes (each a menu redraw), 2413 ms preview lua
[2026-10-01 19:12:19Z - MESSAGE  - Main Thread      - Main           ]  [ptracks] perf [tracks 6]: 100 tooltip calls, 0 preview changes (each a menu redraw), 2429 ms preview lua
[2026-10-01 19:12:23Z - MESSAGE  - Main Thread      - Main           ]  [ptracks] perf [tracks 6]: 100 tooltip calls, 0 preview changes (each a menu redraw), 2494 ms preview lua
[2026-10-01 19:12:26Z - MESSAGE  - Main Thread      - Main           ]  [ptracks] perf [tracks 6]: 100 tooltip calls, 0 preview changes (each a menu redraw), 2557 ms preview lua
[2026-10-01 19:12:30Z - MESSAGE  - Main Thread      - Main           ]  [ptracks] perf [tracks 6]: 100 tooltip calls, 0 preview changes (each a menu redraw), 2542 ms preview lua
[2026-10-01 19:12:33Z - MESSAGE  - Main Thread      - Main           ]  [ptracks] perf [tracks 6]: 100 tooltip calls, 0 preview changes (each a menu redraw), 2483 ms preview lua
[2026-10-01 19:12:36Z - MESSAGE  - Main Thread      - Main           ]  [ptracks] check: Parallel tracks would leave a piece too short to build
[2026-10-01 19:12:36Z - MESSAGE  - Main Thread      - Main           ]  [ptracks] perf [tracks 6]: preview plan took 47 ms (7 drawn, 32 edges, 29 crossings; 47 ms: orient 0, offsets 0, crossings 13, merges 16, emit 13, check 5)
[2026-10-01 19:12:36Z - MESSAGE  - Main Thread      - Main           ]  [ptracks] preview planned: 7 drawn, 32 edges, 0 anchored, 29 crossings, 0 too shallow, 2 moved, 23 dropped, 1 problems (a piece of 1.0 m next to a crossing or branch at (-159.83, -718.85, 5.00), the game needs 5 m)
